employeeId,department,month,year,tenureMonths,attendanceRate,presentDays,absentDays,lateDays,halfDays,leaveDays,workingDays,averageWorkingHours,overtimeHours,previousPerformanceScore,departmentAverage,performanceScore,riskLevel,attritionRisk
EMP1001,Engineering,1,2024,28,87.0,20,1,2,1,2,23,11.2,67.4,78.65,72.56,68.86,MEDIUM,0
EMP1001,Engineering,2,2024,29,100,20,0,1,0,0,20,11.6,72.4,68.86,72.76,75.65,LOW,0
EMP1001,Engineering,3,2024,30,95.2,20,0,3,0,1,21,11.6,71.5,75.65,69.15,74.02,MEDIUM,0
EMP1001,Engineering,4,2024,31,94.7,18,1,0,1,0,19,11.0,58.8,74.02,70.12,73.2,MEDIUM,0
EMP1001,Engineering,5,2024,32,90.9,20,1,1,0,1,22,11.7,73.2,73.2,69.93,73.44,MEDIUM,0
EMP1001,Engineering,6,2024,33,94.4,17,0,2,0,1,18,11.3,56.4,73.44,68.86,70.72,MEDIUM,0
EMP1001,Engineering,7,2024,34,86.4,19,1,3,1,2,22,11.2,64.6,70.72,66.85,63.98,MEDIUM,0
EMP1001,Engineering,8,2024,35,95.2,20,1,0,1,0,21,11.1,65.3,63.98,70.84,72.56,MEDIUM,0
EMP1001,Engineering,9,2024,36,95.0,19,1,2,0,0,20,11.5,66.6,72.56,71.21,70.47,MEDIUM,0
EMP1001,Engineering,10,2024,37,100,23,0,4,0,0,23,11.4,78.7,70.47,70.81,72.54,MEDIUM,0
EMP1001,Engineering,11,2024,38,95.2,20,0,3,1,1,21,11.0,63.7,72.54,70.31,67.85,MEDIUM,0
EMP1001,Engineering,12,2024,39,90.0,18,1,0,0,1,20,11.8,67.7,67.85,69.81,71.03,MEDIUM,0
EMP1001,Engineering,1,2025,40,95.7,22,0,3,2,1,23,10.6,64.4,71.03,68.73,68.41,MEDIUM,0
EMP1001,Engineering,2,2025,41,100,19,0,2,0,0,19,11.4,64.7,68.41,70.97,71.34,MEDIUM,0
EMP1001,Engineering,3,2025,42,90.0,18,1,0,2,1,20,10.6,54.8,71.34,71.74,69.3,MEDIUM,0
EMP1001,Engineering,4,2025,43,95.0,19,0,1,0,1,20,11.5,66.6,69.3,69.84,70.97,MEDIUM,0
EMP1001,Engineering,5,2025,44,90.5,19,0,0,2,2,21,10.7,59.4,70.97,71.26,70.78,MEDIUM,0
EMP1001,Engineering,6,2025,45,100,20,0,1,1,0,20,11.2,68.2,70.78,69.95,72.56,MEDIUM,0
EMP1001,Engineering,7,2025,46,87.0,20,1,1,1,2,23,11.3,70.1,72.56,67.75,65.89,MEDIUM,0
EMP1001,Engineering,8,2025,47,95.0,19,0,0,1,1,20,11.0,60.7,65.89,70.94,70.81,MEDIUM,0
EMP1001,Engineering,9,2025,48,100,21,0,2,0,0,21,11.5,74.5,70.81,68.8,74.61,MEDIUM,0
EMP1001,Engineering,10,2025,49,100,23,0,2,1,0,23,11.0,71.9,74.61,68.8,73.32,MEDIUM,0
EMP1001,Engineering,11,2025,50,90.0,18,2,1,0,0,20,11.7,67.3,73.32,70.33,69.85,MEDIUM,0
EMP1001,Engineering,12,2025,51,86.4,19,1,1,0,2,22,11.7,70.5,69.85,68.85,69.62,MEDIUM,0
EMP1002,Engineering,1,2024,36,87.0,20,1,0,1,2,23,11.1,66.9,80.02,72.56,69.42,MEDIUM,0
EMP1002,Engineering,2,2024,37,90.0,18,1,0,3,1,20,10.3,54.2,69.42,72.76,68.1,MEDIUM,0
EMP1002,Engineering,3,2024,38,95.2,20,1,4,1,0,21,11.2,69.1,68.1,69.15,64.51,MEDIUM,0
EMP1002,Engineering,4,2024,39,94.7,18,1,1,1,0,19,11.4,66.1,64.51,70.12,66.03,MEDIUM,0
EMP1002,Engineering,5,2024,40,95.5,21,0,3,1,1,22,11.3,73.2,66.03,69.93,66.71,MEDIUM,0
EMP1002,Engineering,6,2024,41,100,18,0,2,1,0,18,11.1,59.2,66.71,68.86,69.77,MEDIUM,0
EMP1002,Engineering,7,2024,42,95.5,21,0,1,1,1,22,11.2,71.0,69.77,66.85,70.27,MEDIUM,0
EMP1002,Engineering,8,2024,43,95.2,20,0,2,1,1,21,11.3,69.8,70.27,70.84,69.57,MEDIUM,0
EMP1002,Engineering,9,2024,44,95.0,19,0,3,2,1,20,10.6,56.6,69.57,71.21,65.14,MEDIUM,0
EMP1002,Engineering,10,2024,45,87.0,20,2,5,0,1,23,11.4,68.9,65.14,70.81,60.97,MEDIUM,0
EMP1002,Engineering,11,2024,46,95.2,20,0,1,2,1,21,10.9,66.4,60.97,70.31,68.39,MEDIUM,0
EMP1002,Engineering,12,2024,47,90.0,18,0,3,2,2,20,10.4,51.3,68.39,69.81,65.09,MEDIUM,0
EMP1002,Engineering,1,2025,48,91.3,21,1,5,1,1,23,11.2,70.0,65.09,68.73,61.58,MEDIUM,0
EMP1002,Engineering,2,2025,49,94.7,18,1,1,1,0,19,11.3,64.0,61.58,70.97,69.01,MEDIUM,0
EMP1002,Engineering,3,2025,50,100,20,0,2,1,0,20,11.2,69.0,69.01,71.74,70.66,MEDIUM,0
EMP1002,Engineering,4,2025,51,95.0,19,1,2,2,0,20,11.0,64.4,70.66,69.84,66.15,MEDIUM,0
EMP1002,Engineering,5,2025,52,100,21,0,4,0,0,21,11.3,69.9,66.15,71.26,70.93,MEDIUM,0
EMP1002,Engineering,6,2025,53,95.0,19,1,2,1,0,20,11.2,64.8,70.93,69.95,71.55,MEDIUM,0
EMP1002,Engineering,7,2025,54,100,23,0,4,1,0,23,11.1,74.7,71.55,67.75,68.74,MEDIUM,0
EMP1002,Engineering,8,2025,55,95.0,19,1,2,0,0,20,11.9,73.6,68.74,70.94,67.88,MEDIUM,0
EMP1002,Engineering,9,2025,56,90.5,19,0,1,1,2,21,11.6,72.6,67.88,68.8,66.96,MEDIUM,0
EMP1002,Engineering,10,2025,57,100,23,0,2,0,0,23,11.5,79.7,66.96,68.8,74.87,MEDIUM,0
EMP1002,Engineering,11,2025,58,100,20,0,2,0,0,20,11.4,68.0,74.87,70.33,75.11,LOW,0
EMP1002,Engineering,12,2025,59,90.9,20,0,1,1,2,22,10.8,60.0,75.11,68.85,70.75,MEDIUM,0
EMP1003,Engineering,1,2024,48,95.7,22,1,2,0,0,23,11.5,76.9,86.1,72.56,74.82,MEDIUM,0
EMP1003,Engineering,2,2024,49,100,20,0,2,0,0,20,11.6,72.3,74.82,72.76,76.94,LOW,0
EMP1003,Engineering,3,2024,50,95.2,20,1,2,3,0,21,10.6,64.4,76.94,69.15,68.1,MEDIUM,0
EMP1003,Engineering,4,2024,51,89.5,17,0,2,0,2,19,11.3,56.6,68.1,70.12,70.44,MEDIUM,0
EMP1003,Engineering,5,2024,52,90.9,20,0,4,0,2,22,11.7,73.7,70.44,69.93,67.3,MEDIUM,0
EMP1003,Engineering,6,2024,53,94.4,17,0,0,1,1,18,11.3,60.0,67.3,68.86,72.64,MEDIUM,0
EMP1003,Engineering,7,2024,54,81.8,18,2,3,0,2,22,11.6,65.0,72.64,66.85,62.25,MEDIUM,0
EMP1003,Engineering,8,2024,55,90.5,19,0,2,1,2,21,11.2,64.2,62.25,70.84,67.66,MEDIUM,0
EMP1003,Engineering,9,2024,56,90.0,18,1,0,1,1,20,11.5,66.9,67.66,71.21,66.25,MEDIUM,0
EMP1003,Engineering,10,2024,57,91.3,21,1,2,1,1,23,11.0,66.5,66.25,70.81,64.15,MEDIUM,0
EMP1003,Engineering,11,2024,58,100,21,0,2,1,0,21,11.2,71.8,64.15,70.31,74.0,MEDIUM,0
EMP1003,Engineering,12,2024,59,80.0,16,0,1,0,4,20,11.8,61.4,74.0,69.81,68.78,MEDIUM,0
EMP1003,Engineering,1,2025,60,95.7,22,0,1,0,1,23,11.4,74.7,68.78,68.73,73.61,MEDIUM,0
EMP1003,Engineering,2,2025,61,94.7,18,0,1,1,1,19,10.7,52.7,73.61,70.97,73.39,MEDIUM,0
EMP1003,Engineering,3,2025,62,100,20,0,2,0,0,20,11.4,67.9,73.39,71.74,77.59,LOW,0
EMP1003,Engineering,4,2025,63,90.0,18,1,0,1,1,20,11.1,59.8,77.59,69.84,74.31,MEDIUM,0
EMP1003,Engineering,5,2025,64,85.7,18,2,1,0,1,21,11.8,68.9,74.31,71.26,68.68,MEDIUM,0
EMP1003,Engineering,6,2025,65,90.0,18,1,1,0,1,20,11.8,67.5,68.68,69.95,71.04,MEDIUM,0
EMP1003,Engineering,7,2025,66,91.3,21,1,3,1,1,23,11.2,72.0,71.04,67.75,63.09,MEDIUM,0
EMP1003,Engineering,8,2025,67,95.0,19,1,1,0,0,20,11.4,64.5,63.09,70.94,72.39,MEDIUM,0
EMP1003,Engineering,9,2025,68,90.5,19,2,1,1,0,21,11.2,64.3,72.39,68.8,68.14,MEDIUM,0
EMP1003,Engineering,10,2025,69,91.3,21,1,2,0,1,23,11.3,70.2,68.14,68.8,69.94,MEDIUM,0
EMP1003,Engineering,11,2025,70,85.0,17,2,1,1,1,20,11.3,60.7,69.94,70.33,62.81,MEDIUM,0
EMP1003,Engineering,12,2025,71,90.9,20,1,1,1,1,22,11.5,73.3,62.81,68.85,64.43,MEDIUM,1
EMP1004,Engineering,1,2024,42,91.3,21,1,2,2,1,23,10.7,64.1,84.17,72.56,70.9,MEDIUM,0
EMP1004,Engineering,2,2024,43,95.0,19,0,1,0,1,20,11.7,71.1,70.9,72.76,72.61,MEDIUM,0
EMP1004,Engineering,3,2024,44,95.2,20,0,2,1,1,21,11.2,67.8,72.61,69.15,68.28,MEDIUM,0
EMP1004,Engineering,4,2024,45,89.5,17,0,0,0,2,19,11.5,60.2,68.28,70.12,73.22,MEDIUM,0
EMP1004,Engineering,5,2024,46,100,22,0,1,1,0,22,11.5,80.0,73.22,69.93,76.06,LOW,0
EMP1004,Engineering,6,2024,47,94.4,17,1,1,1,0,18,11.3,60.5,76.06,68.86,71.01,MEDIUM,0
EMP1004,Engineering,7,2024,48,95.5,21,0,3,0,1,22,11.6,76.5,71.01,66.85,72.16,MEDIUM,0
EMP1004,Engineering,8,2024,49,90.5,19,0,1,1,2,21,10.9,58.3,72.16,70.84,67.71,MEDIUM,0
EMP1004,Engineering,9,2024,50,100,20,0,2,0,0,20,11.6,72.9,67.71,71.21,72.15,MEDIUM,0
EMP1004,Engineering,10,2024,51,91.3,21,0,1,0,2,23,11.9,81.7,72.15,70.81,70.56,MEDIUM,0
EMP1004,Engineering,11,2024,52,95.2,20,0,0,1,1,21,11.2,68.5,70.56,70.31,74.49,MEDIUM,0
EMP1004,Engineering,12,2024,53,85.0,17,1,0,1,2,20,11.5,62.6,74.49,69.81,70.14,MEDIUM,0
EMP1004,Engineering,1,2025,54,95.7,22,0,1,1,1,23,11.3,76.2,70.14,68.73,74.23,MEDIUM,0
EMP1004,Engineering,2,2025,55,89.5,17,1,1,0,1,19,11.6,61.5,74.23,70.97,68.54,MEDIUM,0
EMP1004,Engineering,3,2025,56,100,20,0,1,0,0,20,11.6,72.6,68.54,71.74,76.22,LOW,0
EMP1004,Engineering,4,2025,57,100,20,0,1,0,0,20,11.5,70.8,76.22,69.84,79.47,LOW,0
EMP1004,Engineering,5,2025,58,100,21,0,1,0,0,21,11.9,81.2,79.47,71.26,75.49,LOW,0
EMP1004,Engineering,6,2025,59,80.0,16,2,1,0,2,20,11.7,59.3,75.49,69.95,63.98,MEDIUM,0
EMP1004,Engineering,7,2025,60,91.3,21,0,1,2,2,23,10.8,66.7,63.98,67.75,66.57,MEDIUM,0
EMP1004,Engineering,8,2025,61,95.0,19,1,1,0,0,20,11.6,67.9,66.57,70.94,71.0,MEDIUM,0
EMP1004,Engineering,9,2025,62,90.5,19,1,0,3,1,21,10.6,60.8,71.0,68.8,65.12,MEDIUM,0
EMP1004,Engineering,10,2025,63,91.3,21,0,2,0,2,23,11.8,78.8,65.12,68.8,69.43,MEDIUM,0
EMP1004,Engineering,11,2025,64,90.0,18,1,3,2,1,20,10.9,59.7,69.43,70.33,63.09,MEDIUM,0
EMP1004,Engineering,12,2025,65,95.5,21,1,1,0,0,22,11.8,78.8,63.09,68.85,71.96,MEDIUM,0
EMP1005,Engineering,1,2024,69,100,23,0,1,2,0,23,10.7,69.9,74.18,72.56,74.62,MEDIUM,0
EMP1005,Engineering,2,2024,70,100,20,0,1,0,0,20,11.7,74.6,74.62,72.76,79.88,LOW,0
EMP1005,Engineering,3,2024,71,95.2,20,1,2,3,0,21,10.5,62.2,79.88,69.15,71.19,MEDIUM,0
EMP1005,Engineering,4,2024,72,94.7,18,1,0,0,0,19,11.5,63.3,71.19,70.12,72.66,MEDIUM,0
EMP1005,Engineering,5,2024,73,95.5,21,0,4,2,1,22,10.9,69.7,72.66,69.93,69.83,MEDIUM,0
EMP1005,Engineering,6,2024,74,88.9,16,2,2,0,0,18,11.2,51.9,69.83,68.86,69.07,MEDIUM,0
EMP1005,Engineering,7,2024,75,90.9,20,0,1,2,2,22,10.7,62.6,69.07,66.85,68.02,MEDIUM,0
EMP1005,Engineering,8,2024,76,90.5,19,0,0,0,2,21,11.6,68.3,68.02,70.84,73.54,MEDIUM,0
EMP1005,Engineering,9,2024,77,95.0,19,1,1,1,0,20,11.1,62.8,73.54,71.21,69.52,MEDIUM,0
EMP1005,Engineering,10,2024,78,95.7,22,0,2,0,1,23,11.8,82.7,69.52,70.81,70.33,MEDIUM,0
EMP1005,Engineering,11,2024,79,85.7,18,1,1,1,2,21,11.1,60.3,70.33,70.31,66.24,MEDIUM,0
EMP1005,Engineering,12,2024,80,90.0,18,0,2,0,2,20,11.7,66.6,66.24,69.81,69.66,MEDIUM,0
EMP1005,Engineering,1,2025,81,100,23,0,2,2,0,23,11.0,76.1,69.66,68.73,71.89,MEDIUM,0
EMP1005,Engineering,2,2025,82,89.5,17,1,0,0,1,19,11.6,61.8,71.89,70.97,72.75,MEDIUM,0
EMP1005,Engineering,3,2025,83,100,20,0,2,1,0,20,11.4,71.5,72.75,71.74,76.4,LOW,0
EMP1005,Engineering,4,2025,84,100,20,0,3,0,0,20,11.5,70.0,76.4,69.84,72.78,MEDIUM,0
EMP1005,Engineering,5,2025,85,95.2,20,1,1,2,0,21,10.8,64.0,72.78,71.26,70.31,MEDIUM,0
EMP1005,Engineering,6,2025,86,95.0,19,0,3,0,1,20,11.5,65.6,70.31,69.95,73.37,MEDIUM,0
EMP1005,Engineering,7,2025,87,78.3,18,1,2,1,4,23,11.1,60.5,73.37,67.75,62.0,MEDIUM,0
EMP1005,Engineering,8,2025,88,100,20,0,3,0,0,20,11.4,67.0,62.0,70.94,71.61,MEDIUM,0
EMP1005,Engineering,9,2025,89,90.5,19,0,1,0,2,21,11.5,65.9,71.61,68.8,70.12,MEDIUM,0
EMP1005,Engineering,10,2025,90,91.3,21,1,1,0,1,23,11.4,70.9,70.12,68.8,69.22,MEDIUM,0
EMP1005,Engineering,11,2025,91,95.0,19,1,1,0,0,20,11.7,70.6,69.22,70.33,73.81,MEDIUM,0
EMP1005,Engineering,12,2025,92,81.8,18,2,1,0,2,22,11.6,65.1,73.81,68.85,67.0,MEDIUM,0
EMP1006,Engineering,1,2024,62,91.3,21,0,0,0,2,23,11.8,79.1,73.88,72.56,75.45,LOW,0
EMP1006,Engineering,2,2024,63,100,20,0,2,0,0,20,11.5,70.0,75.45,72.76,76.92,LOW,0
EMP1006,Engineering,3,2024,64,100,21,0,1,0,0,21,11.6,75.3,76.92,69.15,74.71,MEDIUM,0
EMP1006,Engineering,4,2024,65,100,19,0,0,0,0,19,11.5,66.2,74.71,70.12,76.99,LOW,0
EMP1006,Engineering,5,2024,66,90.9,20,0,0,0,2,22,12.1,82.0,76.99,69.93,72.86,MEDIUM,0
EMP1006,Engineering,6,2024,67,94.4,17,0,1,2,1,18,10.7,54.0,72.86,68.86,71.4,MEDIUM,0
EMP1006,Engineering,7,2024,68,95.5,21,0,0,3,1,22,10.6,66.2,71.4,66.85,69.23,MEDIUM,0
EMP1006,Engineering,8,2024,69,90.5,19,1,0,0,1,21,11.5,65.9,69.23,70.84,72.26,MEDIUM,0
EMP1006,Engineering,9,2024,70,100,20,0,0,0,0,20,11.6,71.5,72.26,71.21,78.09,LOW,0
EMP1006,Engineering,10,2024,71,100,23,0,1,0,0,23,11.9,89.2,78.09,70.81,79.76,LOW,0
EMP1006,Engineering,11,2024,72,95.2,20,0,0,3,1,21,10.5,62.0,79.76,70.31,72.16,MEDIUM,0
EMP1006,Engineering,12,2024,73,85.0,17,0,1,0,3,20,11.6,60.6,72.16,69.81,71.21,MEDIUM,0
EMP1006,Engineering,1,2025,74,95.7,22,0,1,0,1,23,11.8,83.6,71.21,68.73,75.74,LOW,0
EMP1006,Engineering,2,2025,75,89.5,17,0,1,0,2,19,11.5,58.9,75.74,70.97,74.82,MEDIUM,0
EMP1006,Engineering,3,2025,76,100,20,0,0,0,0,20,11.5,70.2,74.82,71.74,76.58,LOW,0
EMP1006,Engineering,4,2025,77,85.0,17,0,1,0,3,20,11.5,59.1,76.58,69.84,71.81,MEDIUM,0
EMP1006,Engineering,5,2025,78,90.5,19,1,0,1,1,21,11.1,62.1,71.81,71.26,73.05,MEDIUM,0
EMP1006,Engineering,6,2025,79,100,20,0,0,0,0,20,11.6,72.1,73.05,69.95,75.47,LOW,0
EMP1006,Engineering,7,2025,80,95.7,22,0,0,1,1,23,11.0,70.8,75.47,67.75,76.14,LOW,0
EMP1006,Engineering,8,2025,81,100,20,0,0,0,0,20,11.6,72.2,76.14,70.94,78.13,LOW,0
EMP1006,Engineering,9,2025,82,100,21,0,1,0,0,21,11.5,73.7,78.13,68.8,75.41,LOW,0
EMP1006,Engineering,10,2025,83,95.7,22,0,1,0,1,23,11.5,76.9,75.41,68.8,76.99,LOW,0
EMP1006,Engineering,11,2025,84,100,20,0,1,0,0,20,11.4,68.9,76.99,70.33,76.81,LOW,0
EMP1006,Engineering,12,2025,85,100,22,0,1,0,0,22,11.7,81.4,76.81,68.85,79.83,LOW,0
EMP1007,Engineering,1,2024,71,95.7,22,1,4,2,0,23,11.0,73.2,84.27,72.56,69.29,MEDIUM,0
EMP1007,Engineering,2,2024,72,90.0,18,1,1,3,1,20,10.2,51.8,69.29,72.76,67.79,MEDIUM,0
EMP1007,Engineering,3,2024,73,90.5,19,1,2,2,1,21,10.8,60.9,67.79,69.15,62.31,MEDIUM,0
EMP1007,Engineering,4,2024,74,94.7,18,1,1,1,0,19,11.2,62.3,62.31,70.12,69.82,MEDIUM,0
EMP1007,Engineering,5,2024,75,95.5,21,0,5,0,1,22,11.7,77.6,69.82,69.93,69.28,MEDIUM,0
EMP1007,Engineering,6,2024,76,88.9,16,2,2,2,0,18,10.7,50.0,69.28,68.86,66.0,MEDIUM,0
EMP1007,Engineering,7,2024,77,100,22,0,3,1,0,22,11.3,77.3,66.0,66.85,71.15,MEDIUM,0
EMP1007,Engineering,8,2024,78,90.5,19,1,2,2,1,21,10.8,61.0,71.15,70.84,68.58,MEDIUM,0
EMP1007,Engineering,9,2024,79,100,20,0,1,0,0,20,11.5,70.1,68.58,71.21,75.32,LOW,0
EMP1007,Engineering,10,2024,80,100,23,0,0,1,0,23,11.2,77.4,75.32,70.81,77.78,LOW,0
EMP1007,Engineering,11,2024,81,90.5,19,2,2,0,0,21,11.3,63.1,77.78,70.31,71.23,MEDIUM,0
EMP1007,Engineering,12,2024,82,90.0,18,1,0,0,1,20,11.8,68.5,71.23,69.81,73.55,MEDIUM,0
EMP1007,Engineering,1,2025,83,91.3,21,0,0,1,2,23,11.4,74.4,73.55,68.73,74.12,MEDIUM,0
EMP1007,Engineering,2,2025,84,100,19,0,1,1,0,19,11.0,60.6,74.12,70.97,73.31,MEDIUM,0
EMP1007,Engineering,3,2025,85,95.0,19,0,6,1,1,20,10.9,59.3,73.31,71.74,65.89,MEDIUM,0
EMP1007,Engineering,4,2025,86,85.0,17,2,3,0,1,20,11.2,54.5,65.89,69.84,59.18,HIGH,0
EMP1007,Engineering,5,2025,87,100,21,0,1,2,0,21,10.6,63.3,59.18,71.26,70.82,MEDIUM,0
EMP1007,Engineering,6,2025,88,95.0,19,0,2,1,1,20,11.1,63.0,70.82,69.95,70.8,MEDIUM,0
EMP1007,Engineering,7,2025,89,91.3,21,2,3,2,0,23,11.0,71.8,70.8,67.75,64.24,MEDIUM,0
EMP1007,Engineering,8,2025,90,90.0,18,2,1,1,0,20,11.5,67.2,64.24,70.94,67.45,MEDIUM,0
EMP1007,Engineering,9,2025,91,100,21,0,5,1,0,21,11.0,67.5,67.45,68.8,68.73,MEDIUM,0
EMP1007,Engineering,10,2025,92,91.3,21,2,2,4,0,23,10.0,58.2,68.73,68.8,63.68,MEDIUM,0
EMP1007,Engineering,11,2025,93,100,20,0,1,1,0,20,11.4,72.3,63.68,70.33,72.38,MEDIUM,0
EMP1007,Engineering,12,2025,94,72.7,16,3,2,0,3,22,11.4,53.8,72.38,68.85,58.72,HIGH,1
EMP1008,Engineering,1,2024,10,100,23,0,1,0,0,23,11.5,81.5,67.81,72.56,76.95,LOW,0
EMP1008,Engineering,2,2024,11,85.0,17,2,1,0,1,20,11.5,60.3,76.95,72.76,65.33,MEDIUM,0
EMP1008,Engineering,3,2024,12,90.5,19,2,3,0,0,21,11.8,71.4,65.33,69.15,62.89,MEDIUM,0
EMP1008,Engineering,4,2024,13,100,19,0,4,1,0,19,11.0,60.8,62.89,70.12,68.26,MEDIUM,0
EMP1008,Engineering,5,2024,14,86.4,19,3,2,0,0,22,11.6,68.6,68.26,69.93,63.87,MEDIUM,0
EMP1008,Engineering,6,2024,15,94.4,17,0,0,1,1,18,11.5,63.5,63.87,68.86,72.4,MEDIUM,0
EMP1008,Engineering,7,2024,16,77.3,17,4,0,0,1,22,11.5,59.6,72.4,66.85,61.32,MEDIUM,0
EMP1008,Engineering,8,2024,17,100,21,0,1,1,0,21,11.2,72.0,61.32,70.84,72.73,MEDIUM,0
EMP1008,Engineering,9,2024,18,85.0,17,2,1,0,1,20,11.7,62.8,72.73,71.21,68.05,MEDIUM,0
EMP1008,Engineering,10,2024,19,100,23,0,3,1,0,23,11.0,73.9,68.05,70.81,70.61,MEDIUM,0
EMP1008,Engineering,11,2024,20,100,21,0,1,0,0,21,11.6,76.5,70.61,70.31,73.65,MEDIUM,0
EMP1008,Engineering,12,2024,21,95.0,19,0,3,1,1,20,11.2,64.0,73.65,69.81,72.79,MEDIUM,0
EMP1008,Engineering,1,2025,22,91.3,21,2,2,1,0,23,10.9,64.8,72.79,68.73,63.43,MEDIUM,0
EMP1008,Engineering,2,2025,23,89.5,17,2,1,0,0,19,11.8,65.0,63.43,70.97,65.11,MEDIUM,0
EMP1008,Engineering,3,2025,24,90.0,18,2,1,0,0,20,11.4,60.7,65.11,71.74,64.49,MEDIUM,0
EMP1008,Engineering,4,2025,25,95.0,19,0,1,0,1,20,11.7,69.7,64.49,69.84,71.28,MEDIUM,0
EMP1008,Engineering,5,2025,26,85.7,18,1,1,2,2,21,10.6,55.1,71.28,71.26,63.83,MEDIUM,0
EMP1008,Engineering,6,2025,27,95.0,19,0,1,0,1,20,11.8,71.8,63.83,69.95,73.42,MEDIUM,0
EMP1008,Engineering,7,2025,28,100,23,0,3,0,0,23,11.4,78.7,73.42,67.75,76.61,LOW,0
EMP1008,Engineering,8,2025,29,95.0,19,0,2,0,1,20,11.5,66.3,76.61,70.94,73.01,MEDIUM,0
EMP1008,Engineering,9,2025,30,95.2,20,0,0,0,1,21,11.3,67.0,73.01,68.8,75.41,LOW,0
EMP1008,Engineering,10,2025,31,91.3,21,1,2,0,1,23,11.4,71.9,75.41,68.8,71.9,MEDIUM,0
EMP1008,Engineering,11,2025,32,95.0,19,0,2,1,1,20,11.5,71.1,71.9,70.33,70.67,MEDIUM,0
EMP1008,Engineering,12,2025,33,95.5,21,1,1,1,0,22,11.3,74.1,70.67,68.85,72.75,MEDIUM,0
EMP1009,Engineering,1,2024,62,95.7,22,1,2,0,0,23,11.6,78.7,89.61,72.56,76.91,LOW,0
EMP1009,Engineering,2,2024,63,95.0,19,1,3,0,0,20,11.6,68.5,76.91,72.76,72.58,MEDIUM,0
EMP1009,Engineering,3,2024,64,90.5,19,1,3,0,1,21,11.7,70.0,72.58,69.15,65.76,MEDIUM,0
EMP1009,Engineering,4,2024,65,84.2,16,1,0,1,2,19,11.3,56.5,65.76,70.12,65.63,MEDIUM,0
EMP1009,Engineering,5,2024,66,95.5,21,0,4,0,1,22,11.7,77.3,65.63,69.93,70.91,MEDIUM,0
EMP1009,Engineering,6,2024,67,88.9,16,1,2,0,1,18,11.5,56.3,70.91,68.86,68.31,MEDIUM,0
EMP1009,Engineering,7,2024,68,90.9,20,1,3,2,1,22,10.7,63.3,68.31,66.85,65.27,MEDIUM,0
EMP1009,Engineering,8,2024,69,95.2,20,1,1,2,0,21,10.7,61.9,65.27,70.84,70.68,MEDIUM,0
EMP1009,Engineering,9,2024,70,90.0,18,0,2,1,2,20,10.9,55.8,70.68,71.21,66.08,MEDIUM,0
EMP1009,Engineering,10,2024,71,87.0,20,1,3,1,2,23,10.9,62.4,66.08,70.81,64.03,MEDIUM,0
EMP1009,Engineering,11,2024,72,81.0,17,4,1,2,0,21,10.7,53.5,64.03,70.31,53.78,HIGH,1
EMP1009,Engineering,12,2024,73,100,20,0,3,2,0,20,10.7,61.1,53.78,69.81,65.89,MEDIUM,0
EMP1009,Engineering,1,2025,74,82.6,19,2,2,2,2,23,10.6,56.8,65.89,68.73,55.89,HIGH,0
EMP1009,Engineering,2,2025,75,89.5,17,1,1,0,1,19,11.5,60.0,55.89,70.97,67.82,MEDIUM,0
EMP1009,Engineering,3,2025,76,95.0,19,1,5,2,0,20,10.9,62.0,67.82,71.74,62.51,MEDIUM,0
EMP1009,Engineering,4,2025,77,95.0,19,1,4,2,0,20,10.5,55.9,62.51,69.84,62.89,MEDIUM,1
EMP1009,Engineering,5,2025,78,95.2,20,0,0,0,1,21,11.5,70.7,62.89,71.26,71.72,MEDIUM,0
EMP1009,Engineering,6,2025,79,80.0,16,2,4,1,2,20,11.1,53.1,71.72,69.95,58.24,HIGH,0
EMP1009,Engineering,7,2025,80,82.6,19,1,2,1,3,23,10.8,57.4,58.24,67.75,61.53,MEDIUM,1
EMP1009,Engineering,8,2025,81,90.0,18,2,2,1,0,20,11.3,63.6,61.53,70.94,62.49,MEDIUM,1
EMP1009,Engineering,9,2025,82,90.5,19,2,3,0,0,21,11.8,72.0,62.49,68.8,61.28,MEDIUM,1
EMP1009,Engineering,10,2025,83,100,23,0,3,1,0,23,11.3,79.3,61.28,68.8,67.51,MEDIUM,0
EMP1009,Engineering,11,2025,84,95.0,19,0,4,2,1,20,10.6,57.3,67.51,70.33,66.58,MEDIUM,0
EMP1009,Engineering,12,2025,85,90.9,20,1,1,0,1,22,11.7,74.7,66.58,68.85,69.86,MEDIUM,0
EMP1010,Engineering,1,2024,44,100,23,0,2,0,0,23,11.8,87.0,60.24,72.56,73.53,MEDIUM,0
EMP1010,Engineering,2,2024,45,100,20,0,2,0,0,20,11.6,71.8,73.53,72.76,77.19,LOW,0
EMP1010,Engineering,3,2024,46,100,21,0,0,0,0,21,11.7,77.9,77.19,69.15,81.96,LOW,0
EMP1010,Engineering,4,2024,47,100,19,0,0,1,0,19,11.2,65.0,81.96,70.12,79.26,LOW,0
EMP1010,Engineering,5,2024,48,100,22,0,0,3,0,22,10.4,64.8,79.26,69.93,75.93,LOW,0
EMP1010,Engineering,6,2024,49,83.3,15,0,0,1,3,18,11.0,48.3,75.93,68.86,69.17,MEDIUM,0
EMP1010,Engineering,7,2024,50,86.4,19,1,0,0,2,22,11.5,66.9,69.17,66.85,68.77,MEDIUM,0
EMP1010,Engineering,8,2024,51,100,21,0,0,0,0,21,11.6,75.3,68.77,70.84,76.21,LOW,0
EMP1010,Engineering,9,2024,52,100,20,0,1,1,0,20,11.1,66.4,76.21,71.21,75.76,LOW,0
EMP1010,Engineering,10,2024,53,100,23,0,2,0,0,23,11.5,81.1,75.76,70.81,77.42,LOW,0
EMP1010,Engineering,11,2024,54,90.5,19,0,1,0,2,21,11.8,72.4,77.42,70.31,73.77,MEDIUM,0
EMP1010,Engineering,12,2024,55,95.0,19,1,1,0,0,20,11.7,70.2,73.77,69.81,73.82,MEDIUM,0
EMP1010,Engineering,1,2025,56,100,23,0,2,1,0,23,11.1,76.0,73.82,68.73,70.98,MEDIUM,0
EMP1010,Engineering,2,2025,57,100,19,0,0,0,0,19,11.7,69.5,70.98,70.97,75.04,LOW,0
EMP1010,Engineering,3,2025,58,100,20,0,0,0,0,20,11.8,76.3,75.04,71.74,79.52,LOW,0
EMP1010,Engineering,4,2025,59,90.0,18,0,0,0,2,20,11.5,63.3,79.52,69.84,74.36,MEDIUM,0
EMP1010,Engineering,5,2025,60,100,21,0,0,0,0,21,11.8,79.5,74.36,71.26,77.97,LOW,0
EMP1010,Engineering,6,2025,61,90.0,18,1,1,1,1,20,11.0,58.8,77.97,69.95,70.49,MEDIUM,0
EMP1010,Engineering,7,2025,62,95.7,22,0,1,0,1,23,11.5,77.4,70.49,67.75,71.68,MEDIUM,0
EMP1010,Engineering,8,2025,63,95.0,19,0,0,0,1,20,11.5,65.7,71.68,70.94,74.4,MEDIUM,0
EMP1010,Engineering,9,2025,64,90.5,19,1,0,0,1,21,11.8,72.3,74.4,68.8,73.35,MEDIUM,0
EMP1010,Engineering,10,2025,65,87.0,20,1,1,0,2,23,11.4,68.8,73.35,68.8,69.77,MEDIUM,0
EMP1010,Engineering,11,2025,66,100,20,0,1,0,0,20,11.5,69.0,69.77,70.33,73.77,MEDIUM,0
EMP1010,Engineering,12,2025,67,100,22,0,2,0,0,22,11.3,73.2,73.77,68.85,74.25,MEDIUM,0
EMP1011,Engineering,1,2024,28,100,23,0,1,1,0,23,11.2,77.5,65.71,72.56,73.03,MEDIUM,0
EMP1011,Engineering,2,2024,29,90.0,18,0,2,0,2,20,11.4,61.4,73.03,72.76,67.37,MEDIUM,0
EMP1011,Engineering,3,2024,30,90.5,19,1,0,1,1,21,11.1,63.6,67.37,69.15,71.2,MEDIUM,0
EMP1011,Engineering,4,2024,31,89.5,17,1,0,2,1,19,10.6,51.4,71.2,70.12,66.01,MEDIUM,0
EMP1011,Engineering,5,2024,32,90.9,20,1,2,0,1,22,11.5,70.0,66.01,69.93,68.55,MEDIUM,0
EMP1011,Engineering,6,2024,33,77.8,14,2,1,1,2,18,11.0,45.9,68.55,68.86,62.12,MEDIUM,0
EMP1011,Engineering,7,2024,34,95.5,21,0,0,2,1,22,10.7,64.3,62.12,66.85,72.08,MEDIUM,0
EMP1011,Engineering,8,2024,35,100,21,0,2,1,0,21,11.3,72.9,72.08,70.84,75.66,LOW,0
EMP1011,Engineering,9,2024,36,95.0,19,0,2,0,1,20,11.4,65.0,75.66,71.21,74.59,MEDIUM,0
EMP1011,Engineering,10,2024,37,95.7,22,0,3,1,1,23,11.2,74.2,74.59,70.81,71.8,MEDIUM,0
EMP1011,Engineering,11,2024,38,95.2,20,1,0,0,0,21,11.7,75.0,71.8,70.31,71.8,MEDIUM,0
EMP1011,Engineering,12,2024,39,80.0,16,0,0,2,4,20,10.9,54.6,71.8,69.81,66.62,MEDIUM,0
EMP1011,Engineering,1,2025,40,91.3,21,1,2,0,1,23,11.5,73.4,66.62,68.73,68.87,MEDIUM,0
EMP1011,Engineering,2,2025,41,94.7,18,1,0,1,0,19,11.2,61.4,68.87,70.97,72.07,MEDIUM,0
EMP1011,Engineering,3,2025,42,95.0,19,0,1,0,1,20,11.6,68.5,72.07,71.74,71.04,MEDIUM,0
EMP1011,Engineering,4,2025,43,100,20,0,2,0,0,20,11.5,70.5,71.04,69.84,72.05,MEDIUM,0
EMP1011,Engineering,5,2025,44,95.2,20,0,1,1,1,21,11.2,68.0,72.05,71.26,70.05,MEDIUM,0
EMP1011,Engineering,6,2025,45,100,20,0,2,2,0,20,10.7,62.4,70.05,69.95,74.42,MEDIUM,0
EMP1011,Engineering,7,2025,46,87.0,20,2,1,0,1,23,11.6,72.8,74.42,67.75,64.78,MEDIUM,0
EMP1011,Engineering,8,2025,47,95.0,19,0,1,2,1,20,10.7,59.0,64.78,70.94,66.59,MEDIUM,0
EMP1011,Engineering,9,2025,48,85.7,18,0,2,0,3,21,11.4,60.5,66.59,68.8,64.83,MEDIUM,0
EMP1011,Engineering,10,2025,49,82.6,19,1,2,1,3,23,11.4,68.0,64.83,68.8,58.96,HIGH,1
EMP1011,Engineering,11,2025,50,95.0,19,1,1,0,0,20,11.9,74.3,58.96,70.33,71.03,MEDIUM,0
EMP1011,Engineering,12,2025,51,90.9,20,1,3,2,1,22,10.9,67.0,71.03,68.85,65.49,MEDIUM,0
EMP1012,Engineering,1,2024,43,95.7,22,1,1,1,0,23,11.2,73.9,61.89,72.56,66.98,MEDIUM,0
EMP1012,Engineering,2,2024,44,95.0,19,1,1,0,0,20,11.7,71.1,66.98,72.76,72.79,MEDIUM,0
EMP1012,Engineering,3,2024,45,90.5,19,0,3,1,2,21,10.9,59.0,72.79,69.15,64.92,MEDIUM,0
EMP1012,Engineering,4,2024,46,84.2,16,2,3,0,1,19,11.3,53.2,64.92,70.12,59.91,HIGH,1
EMP1012,Engineering,5,2024,47,90.9,20,0,2,0,2,22,11.4,68.9,59.91,69.93,64.4,MEDIUM,1
EMP1012,Engineering,6,2024,48,88.9,16,2,1,0,0,18,11.5,56.5,64.4,68.86,63.77,MEDIUM,1
EMP1012,Engineering,7,2024,49,86.4,19,2,3,1,1,22,11.2,65.0,63.77,66.85,57.66,HIGH,1
EMP1012,Engineering,8,2024,50,90.5,19,1,2,2,1,21,10.7,59.7,57.66,70.84,62.87,MEDIUM,1
EMP1012,Engineering,9,2024,51,95.0,19,0,0,0,1,20,11.5,66.0,62.87,71.21,73.15,MEDIUM,0
EMP1012,Engineering,10,2024,52,95.7,22,1,3,2,0,23,10.8,69.7,73.15,70.81,69.76,MEDIUM,0
EMP1012,Engineering,11,2024,53,100,21,0,2,0,0,21,11.3,69.9,69.76,70.31,76.36,LOW,0
EMP1012,Engineering,12,2024,54,90.0,18,0,1,1,2,20,11.2,62.0,76.36,69.81,69.2,MEDIUM,0
EMP1012,Engineering,1,2025,55,91.3,21,2,3,0,0,23,11.6,75.6,69.2,68.73,65.97,MEDIUM,0
EMP1012,Engineering,2,2025,56,94.7,18,0,1,3,1,19,10.4,55.5,65.97,70.97,68.46,MEDIUM,0
EMP1012,Engineering,3,2025,57,95.0,19,1,0,0,0,20,11.7,69.6,68.46,71.74,70.66,MEDIUM,0
EMP1012,Engineering,4,2025,58,90.0,18,2,2,1,0,20,11.3,62.7,70.66,69.84,62.8,MEDIUM,0
EMP1012,Engineering,5,2025,59,100,21,0,1,0,0,21,11.6,76.4,62.8,71.26,71.54,MEDIUM,0
EMP1012,Engineering,6,2025,60,90.0,18,1,4,1,1,20,11.2,61.9,71.54,69.95,64.0,MEDIUM,0
EMP1012,Engineering,7,2025,61,100,23,0,1,1,0,23,11.1,75.9,64.0,67.75,71.69,MEDIUM,0
EMP1012,Engineering,8,2025,62,100,20,0,3,0,0,20,11.5,70.2,71.69,70.94,75.5,LOW,0
EMP1012,Engineering,9,2025,63,85.7,18,2,3,1,1,21,11.0,58.5,75.5,68.8,61.7,MEDIUM,0
EMP1012,Engineering,10,2025,64,87.0,20,1,4,0,2,23,11.6,72.2,61.7,68.8,60.06,MEDIUM,1
EMP1012,Engineering,11,2025,65,90.0,18,1,1,1,1,20,11.3,64.0,60.06,70.33,68.08,MEDIUM,0
EMP1012,Engineering,12,2025,66,86.4,19,0,3,1,3,22,10.8,57.7,68.08,68.85,61.5,MEDIUM,0
EMP1013,Operations,1,2024,32,95.7,22,1,3,1,0,23,9.0,26.7,87.26,70.55,69.48,MEDIUM,0
EMP1013,Operations,2,2024,33,95.0,19,0,4,0,1,20,9.1,21.3,69.48,68.9,69.09,MEDIUM,0
EMP1013,Operations,3,2024,34,100,21,0,1,0,0,21,9.2,26.1,69.09,69.97,76.76,LOW,0
EMP1013,Operations,4,2024,35,100,19,0,1,2,0,19,8.6,19.8,76.76,67.51,68.97,MEDIUM,0
EMP1013,Operations,5,2024,36,95.5,21,0,1,1,1,22,8.9,23.1,68.97,65.55,68.45,MEDIUM,0
EMP1013,Operations,6,2024,37,88.9,16,1,1,1,1,18,8.6,14.0,68.45,66.05,62.14,MEDIUM,0
EMP1013,Operations,7,2024,38,90.9,20,0,0,1,2,22,8.9,21.5,62.14,63.19,66.88,MEDIUM,0
EMP1013,Operations,8,2024,39,76.2,16,3,2,2,2,21,8.4,14.3,66.88,63.39,50.8,HIGH,0
EMP1013,Operations,9,2024,40,100,20,0,3,0,0,20,9.0,20.3,50.8,68.54,66.58,MEDIUM,0
EMP1013,Operations,10,2024,41,100,23,0,3,0,0,23,8.9,21.5,66.58,68.76,72.62,MEDIUM,0
EMP1013,Operations,11,2024,42,90.5,19,1,2,2,1,21,8.3,14.2,72.62,66.97,62.82,MEDIUM,0
EMP1013,Operations,12,2024,43,90.0,18,1,0,0,1,20,9.0,17.2,62.82,66.02,66.2,MEDIUM,0
EMP1013,Operations,1,2025,44,100,23,0,2,0,0,23,9.2,27.1,66.2,65.43,68.93,MEDIUM,0
EMP1013,Operations,2,2025,45,94.7,18,0,0,2,1,19,8.6,18.8,68.93,66.47,68.37,MEDIUM,0
EMP1013,Operations,3,2025,46,100,20,0,4,1,0,20,8.7,17.3,68.37,66.37,67.46,MEDIUM,0
EMP1013,Operations,4,2025,47,95.0,19,0,1,1,1,20,8.7,17.3,67.46,68.69,67.22,MEDIUM,0
EMP1013,Operations,5,2025,48,95.2,20,0,1,0,1,21,9.2,23.9,67.22,65.59,70.09,MEDIUM,0
EMP1013,Operations,6,2025,49,90.0,18,1,0,0,1,20,8.8,13.9,70.09,64.84,70.83,MEDIUM,0
EMP1013,Operations,7,2025,50,82.6,19,3,0,0,1,23,8.9,17.9,70.83,64.25,65.07,MEDIUM,0
EMP1013,Operations,8,2025,51,95.0,19,0,1,0,1,20,9.0,18.3,65.07,64.33,68.89,MEDIUM,0
EMP1013,Operations,9,2025,52,95.2,20,1,0,0,0,21,9.2,23.3,68.89,66.89,72.26,MEDIUM,0
EMP1013,Operations,10,2025,53,95.7,22,1,2,0,0,23,9.0,22.4,72.26,64.32,66.74,MEDIUM,0
EMP1013,Operations,11,2025,54,100,20,0,2,0,0,20,9.1,21.1,66.74,65.23,73.34,MEDIUM,0
EMP1013,Operations,12,2025,55,90.9,20,0,2,0,2,22,9.0,21.0,73.34,67.01,70.61,MEDIUM,0
EMP1014,Operations,1,2024,5,91.3,21,1,0,1,1,23,8.8,21.9,80.83,70.55,67.71,MEDIUM,1
EMP1014,Operations,2,2024,6,95.0,19,1,3,0,0,20,9.0,18.9,67.71,68.9,66.43,MEDIUM,0
EMP1014,Operations,3,2024,7,95.2,20,0,2,0,1,21,9.2,24.4,66.43,69.97,69.35,MEDIUM,0
EMP1014,Operations,4,2024,8,100,19,0,2,2,0,19,8.5,18.1,69.35,67.51,67.37,MEDIUM,0
EMP1014,Operations,5,2024,9,86.4,19,1,2,0,2,22,9.1,21.5,67.37,65.55,64.98,MEDIUM,0
EMP1014,Operations,6,2024,10,94.4,17,1,2,1,0,18,8.9,19.1,64.98,66.05,67.25,MEDIUM,0
EMP1014,Operations,7,2024,11,86.4,19,2,2,2,1,22,8.5,18.1,67.25,63.19,60.27,MEDIUM,0
EMP1014,Operations,8,2024,12,90.5,19,0,0,0,2,21,9.0,19.4,60.27,63.39,66.64,MEDIUM,0
EMP1014,Operations,9,2024,13,100,20,0,1,0,0,20,9.1,22.0,66.64,68.54,73.23,MEDIUM,0
EMP1014,Operations,10,2024,14,91.3,21,1,2,0,1,23,8.9,18.9,73.23,68.76,65.33,MEDIUM,0
EMP1014,Operations,11,2024,15,95.2,20,1,1,1,0,21,8.8,20.1,65.33,66.97,68.95,MEDIUM,0
EMP1014,Operations,12,2024,16,95.0,19,1,0,0,0,20,9.1,20.8,68.95,66.02,70.92,MEDIUM,0
EMP1014,Operations,1,2025,17,91.3,21,1,0,2,1,23,8.8,24.1,70.92,65.43,64.99,MEDIUM,0
EMP1014,Operations,2,2025,18,100,19,0,1,0,0,19,9.1,20.6,64.99,66.47,72.61,MEDIUM,0
EMP1014,Operations,3,2025,19,90.0,18,1,1,0,1,20,8.9,16.1,72.61,66.37,66.05,MEDIUM,0
EMP1014,Operations,4,2025,20,95.0,19,0,2,0,1,20,9.0,19.1,66.05,68.69,67.36,MEDIUM,0
EMP1014,Operations,5,2025,21,90.5,19,2,0,0,0,21,9.1,20.9,67.36,65.59,69.09,MEDIUM,0
EMP1014,Operations,6,2025,22,95.0,19,1,1,0,0,20,9.1,20.9,69.09,64.84,68.31,MEDIUM,0
EMP1014,Operations,7,2025,23,91.3,21,2,3,2,0,23,8.7,23.5,68.31,64.25,57.95,HIGH,0
EMP1014,Operations,8,2025,24,95.0,19,1,0,0,0,20,9.1,21.8,57.95,64.33,68.26,MEDIUM,0
EMP1014,Operations,9,2025,25,95.2,20,0,0,0,1,21,9.0,19.3,68.26,66.89,75.01,LOW,0
EMP1014,Operations,10,2025,26,91.3,21,1,3,0,1,23,8.9,19.9,75.01,64.32,66.35,MEDIUM,0
EMP1014,Operations,11,2025,27,90.0,18,1,0,0,1,20,9.1,20.5,66.35,65.23,68.98,MEDIUM,0
EMP1014,Operations,12,2025,28,100,22,0,1,1,0,22,8.8,22.0,68.98,67.01,73.06,MEDIUM,0
EMP1015,Operations,1,2024,67,100,23,0,1,1,0,23,8.8,23.1,67.88,70.55,72.83,MEDIUM,0
EMP1015,Operations,2,2024,68,95.0,19,1,0,2,0,20,8.5,16.9,72.83,68.9,70.56,MEDIUM,0
EMP1015,Operations,3,2024,69,95.2,20,0,0,4,1,21,8.1,17.7,70.56,69.97,66.31,MEDIUM,0
EMP1015,Operations,4,2024,70,94.7,18,0,2,2,1,19,8.3,13.5,66.31,67.51,66.49,MEDIUM,0
EMP1015,Operations,5,2024,71,72.7,16,3,2,0,3,22,9.0,16.2,66.49,65.55,54.24,HIGH,1
EMP1015,Operations,6,2024,72,88.9,16,0,2,0,2,18,9.4,21.8,54.24,66.05,63.73,MEDIUM,1
EMP1015,Operations,7,2024,73,90.9,20,2,3,2,0,22,8.5,17.0,63.73,63.19,56.11,HIGH,1
EMP1015,Operations,8,2024,74,95.2,20,0,4,0,1,21,8.9,17.4,56.11,63.39,60.93,MEDIUM,1
EMP1015,Operations,9,2024,75,95.0,19,1,1,1,0,20,8.6,15.1,60.93,68.54,66.51,MEDIUM,0
EMP1015,Operations,10,2024,76,91.3,21,0,1,1,2,23,9.0,23.9,66.51,68.76,66.83,MEDIUM,0
EMP1015,Operations,11,2024,77,90.5,19,1,5,0,1,21,8.9,17.7,66.83,66.97,62.06,MEDIUM,0
EMP1015,Operations,12,2024,78,85.0,17,1,1,1,2,20,8.6,13.9,62.06,66.02,61.57,MEDIUM,1
EMP1015,Operations,1,2025,79,91.3,21,1,1,0,1,23,9.0,21.8,61.57,65.43,64.72,MEDIUM,1
EMP1015,Operations,2,2025,80,94.7,18,0,1,1,1,19,8.6,15.5,64.72,66.47,64.84,MEDIUM,1
EMP1015,Operations,3,2025,81,100,20,0,2,1,0,20,9.2,27.0,64.84,66.37,70.18,MEDIUM,0
EMP1015,Operations,4,2025,82,100,20,0,3,0,0,20,9.2,24.8,70.18,68.69,72.33,MEDIUM,0
EMP1015,Operations,5,2025,83,90.5,19,1,2,0,1,21,8.9,17.6,72.33,65.59,64.8,MEDIUM,0
EMP1015,Operations,6,2025,84,90.0,18,1,1,0,1,20,9.1,19.2,64.8,64.84,65.17,MEDIUM,0
EMP1015,Operations,7,2025,85,100,23,0,2,0,0,23,9.0,23.8,65.17,64.25,72.1,MEDIUM,0
EMP1015,Operations,8,2025,86,95.0,19,0,1,4,1,20,7.9,13.6,72.1,64.33,66.69,MEDIUM,0
EMP1015,Operations,9,2025,87,81.0,17,2,0,2,2,21,8.6,17.9,66.69,66.89,61.35,MEDIUM,0
EMP1015,Operations,10,2025,88,95.7,22,0,2,3,1,23,8.3,18.5,61.35,64.32,61.12,MEDIUM,1
EMP1015,Operations,11,2025,89,95.0,19,1,2,0,0,20,9.2,23.5,61.12,65.23,69.15,MEDIUM,0
EMP1015,Operations,12,2025,90,90.9,20,0,3,1,2,22,8.9,21.5,69.15,67.01,64.63,MEDIUM,0
EMP1016,Operations,1,2024,17,91.3,21,1,0,0,1,23,9.0,21.1,62.96,70.55,65.75,MEDIUM,0
EMP1016,Operations,2,2024,18,95.0,19,1,2,0,0,20,8.9,17.8,65.75,68.9,64.76,MEDIUM,0
EMP1016,Operations,3,2024,19,95.2,20,1,3,0,0,21,9.2,24.6,64.76,69.97,65.88,MEDIUM,0
EMP1016,Operations,4,2024,20,84.2,16,2,1,0,1,19,9.0,15.5,65.88,67.51,61.03,MEDIUM,0
EMP1016,Operations,5,2024,21,90.9,20,2,0,0,0,22,9.0,20.6,61.03,65.55,64.49,MEDIUM,1
EMP1016,Operations,6,2024,22,100,18,0,1,0,0,18,9.0,18.6,64.49,66.05,71.14,MEDIUM,0
EMP1016,Operations,7,2024,23,86.4,19,0,1,1,3,22,8.7,18.5,71.14,63.19,64.85,MEDIUM,0
EMP1016,Operations,8,2024,24,95.2,20,0,2,0,1,21,8.8,15.1,64.85,63.39,65.43,MEDIUM,0
EMP1016,Operations,9,2024,25,95.0,19,0,1,0,1,20,9.2,22.2,65.43,68.54,72.43,MEDIUM,0
EMP1016,Operations,10,2024,26,95.7,22,0,2,1,1,23,8.8,22.1,72.43,68.76,68.72,MEDIUM,0
EMP1016,Operations,11,2024,27,100,21,0,2,1,0,21,8.7,19.6,68.72,66.97,67.54,MEDIUM,0
EMP1016,Operations,12,2024,28,85.0,17,0,1,0,3,20,9.2,20.0,67.54,66.02,69.36,MEDIUM,0
EMP1016,Operations,1,2025,29,95.7,22,1,0,1,0,23,8.6,17.8,69.36,65.43,71.86,MEDIUM,0
EMP1016,Operations,2,2025,30,78.9,15,3,3,0,1,19,9.0,15.1,71.86,66.47,60.05,MEDIUM,0
EMP1016,Operations,3,2025,31,90.0,18,2,0,0,0,20,8.9,16.0,60.05,66.37,62.87,MEDIUM,1
EMP1016,Operations,4,2025,32,95.0,19,0,1,0,1,20,9.1,21.3,62.87,68.69,69.71,MEDIUM,0
EMP1016,Operations,5,2025,33,95.2,20,0,1,1,1,21,8.8,19.4,69.71,65.59,70.59,MEDIUM,0
EMP1016,Operations,6,2025,34,85.0,17,2,1,0,1,20,9.1,18.0,70.59,64.84,63.76,MEDIUM,0
EMP1016,Operations,7,2025,35,95.7,22,0,3,1,1,23,8.8,21.9,63.76,64.25,62.58,MEDIUM,1
EMP1016,Operations,8,2025,36,85.0,17,1,2,0,2,20,9.1,18.6,62.58,64.33,59.95,HIGH,1
EMP1016,Operations,9,2025,37,95.2,20,0,2,0,1,21,9.1,21.3,59.95,66.89,69.69,MEDIUM,0
EMP1016,Operations,10,2025,38,82.6,19,1,1,2,3,23,8.6,19.2,69.69,64.32,61.75,MEDIUM,0
EMP1016,Operations,11,2025,39,95.0,19,0,1,1,1,20,8.8,19.6,61.75,65.23,65.03,MEDIUM,0
EMP1016,Operations,12,2025,40,95.5,21,1,1,1,0,22,8.9,23.3,65.03,67.01,69.27,MEDIUM,0
EMP1017,Operations,1,2024,33,100,23,0,0,0,0,23,9.4,31.8,63.34,70.55,74.87,MEDIUM,0
EMP1017,Operations,2,2024,34,100,20,0,2,0,0,20,8.9,19.0,74.87,68.9,70.86,MEDIUM,0
EMP1017,Operations,3,2024,35,95.2,20,0,1,1,1,21,8.7,17.9,70.86,69.97,68.99,MEDIUM,0
EMP1017,Operations,4,2024,36,94.7,18,0,1,1,1,19,8.9,20.1,68.99,67.51,69.6,MEDIUM,0
EMP1017,Operations,5,2024,37,90.9,20,0,1,1,2,22,8.9,22.9,69.6,65.55,65.16,MEDIUM,0
EMP1017,Operations,6,2024,38,94.4,17,1,2,0,0,18,8.9,16.1,65.16,66.05,66.38,MEDIUM,0
EMP1017,Operations,7,2024,39,90.9,20,0,1,0,2,22,8.9,18.1,66.38,63.19,65.61,MEDIUM,0
EMP1017,Operations,8,2024,40,85.7,18,0,3,1,3,21,8.7,17.5,65.61,63.39,63.85,MEDIUM,0
EMP1017,Operations,9,2024,41,95.0,19,1,0,0,0,20,8.7,13.0,63.85,68.54,70.48,MEDIUM,0
EMP1017,Operations,10,2024,42,100,23,0,4,0,0,23,9.1,24.9,70.48,68.76,69.01,MEDIUM,0
EMP1017,Operations,11,2024,43,95.2,20,1,2,1,0,21,8.8,20.6,69.01,66.97,65.9,MEDIUM,0
EMP1017,Operations,12,2024,44,80.0,16,1,2,0,3,20,9.0,16.7,65.9,66.02,60.82,MEDIUM,0
EMP1017,Operations,1,2025,45,91.3,21,2,2,0,0,23,8.9,19.6,60.82,65.43,64.55,MEDIUM,1
EMP1017,Operations,2,2025,46,94.7,18,0,1,0,1,19,8.7,12.9,64.55,66.47,72.15,MEDIUM,0
EMP1017,Operations,3,2025,47,100,20,0,2,1,0,20,8.8,20.5,72.15,66.37,70.8,MEDIUM,0
EMP1017,Operations,4,2025,48,100,20,0,3,1,0,20,8.6,15.6,70.8,68.69,71.26,MEDIUM,0
EMP1017,Operations,5,2025,49,95.2,20,0,3,0,1,21,8.9,18.9,71.26,65.59,69.65,MEDIUM,0
EMP1017,Operations,6,2025,50,95.0,19,0,3,0,1,20,9.0,19.6,69.65,64.84,65.59,MEDIUM,0
EMP1017,Operations,7,2025,51,91.3,21,1,1,0,1,23,9.1,23.4,65.59,64.25,67.63,MEDIUM,0
EMP1017,Operations,8,2025,52,80.0,16,2,1,0,2,20,9.3,20.4,67.63,64.33,64.12,MEDIUM,0
EMP1017,Operations,9,2025,53,90.5,19,1,1,2,1,21,8.7,21.8,64.12,66.89,63.11,MEDIUM,1
EMP1017,Operations,10,2025,54,91.3,21,1,3,2,1,23,8.6,20.2,63.11,64.32,58.25,HIGH,1
EMP1017,Operations,11,2025,55,95.0,19,1,1,0,0,20,9.0,18.5,58.25,65.23,67.75,MEDIUM,0
EMP1017,Operations,12,2025,56,90.9,20,1,0,0,1,22,9.0,19.6,67.75,67.01,68.85,MEDIUM,0
EMP1018,Operations,1,2024,20,91.3,21,1,4,2,1,23,8.5,19.7,89.84,70.55,64.86,MEDIUM,0
EMP1018,Operations,2,2024,21,95.0,19,1,2,0,0,20,9.2,23.1,64.86,68.9,68.6,MEDIUM,0
EMP1018,Operations,3,2024,22,95.2,20,1,1,1,0,21,8.9,22.1,68.6,69.97,68.5,MEDIUM,0
EMP1018,Operations,4,2024,23,94.7,18,1,2,1,0,19,8.9,19.9,68.5,67.51,65.84,MEDIUM,0
EMP1018,Operations,5,2024,24,95.5,21,0,2,0,1,22,9.0,20.8,65.84,65.55,68.37,MEDIUM,0
EMP1018,Operations,6,2024,25,77.8,14,0,2,0,4,18,9.0,14.5,68.37,66.05,63.08,MEDIUM,0
EMP1018,Operations,7,2024,26,90.9,20,0,3,1,2,22,8.7,18.5,63.08,63.19,61.67,MEDIUM,1
EMP1018,Operations,8,2024,27,95.2,20,1,2,2,0,21,8.6,20.8,61.67,63.39,62.63,MEDIUM,1
EMP1018,Operations,9,2024,28,95.0,19,1,2,2,0,20,8.5,17.6,62.63,68.54,60.5,MEDIUM,1
EMP1018,Operations,10,2024,29,87.0,20,0,1,0,3,23,9.3,25.3,60.5,68.76,65.72,MEDIUM,0
EMP1018,Operations,11,2024,30,90.5,19,0,2,0,2,21,9.1,20.4,65.72,66.97,68.53,MEDIUM,0
EMP1018,Operations,12,2024,31,90.0,18,1,3,1,1,20,8.9,20.0,68.53,66.02,64.26,MEDIUM,0
EMP1018,Operations,1,2025,32,91.3,21,0,1,1,2,23,8.6,17.1,64.26,65.43,63.52,MEDIUM,1
EMP1018,Operations,2,2025,33,89.5,17,2,1,2,0,19,8.3,12.7,63.52,66.47,60.99,MEDIUM,1
EMP1018,Operations,3,2025,34,90.0,18,2,1,2,0,20,8.5,17.5,60.99,66.37,61.29,MEDIUM,1
EMP1018,Operations,4,2025,35,90.0,18,2,0,0,0,20,9.3,23.3,61.29,68.69,65.1,MEDIUM,0
EMP1018,Operations,5,2025,36,85.7,18,1,2,1,2,21,8.7,16.4,65.1,65.59,59.98,HIGH,0
EMP1018,Operations,6,2025,37,95.0,19,0,4,1,1,20,8.9,21.4,59.98,64.84,64.42,MEDIUM,1
EMP1018,Operations,7,2025,38,91.3,21,1,1,3,1,23,8.5,23.0,64.42,64.25,60.74,MEDIUM,1
EMP1018,Operations,8,2025,39,85.0,17,2,3,1,1,20,8.7,16.3,60.74,64.33,54.4,HIGH,1
EMP1018,Operations,9,2025,40,85.7,18,3,0,1,0,21,8.9,21.0,54.4,66.89,55.46,HIGH,1
EMP1018,Operations,10,2025,41,95.7,22,1,1,1,0,23,8.8,21.0,55.46,64.32,62.16,MEDIUM,1
EMP1018,Operations,11,2025,42,100,20,0,2,0,0,20,8.8,16.8,62.16,65.23,66.95,MEDIUM,0
EMP1018,Operations,12,2025,43,90.9,20,1,0,2,1,22,8.6,19.6,66.95,67.01,66.23,MEDIUM,0
EMP1019,Operations,1,2024,21,95.7,22,0,1,2,1,23,8.5,19.4,80.77,70.55,71.4,MEDIUM,0
EMP1019,Operations,2,2024,22,90.0,18,1,0,0,1,20,9.2,20.9,71.4,68.9,72.2,MEDIUM,0
EMP1019,Operations,3,2024,23,100,21,0,0,1,0,21,8.7,18.5,72.2,69.97,76.75,LOW,0
EMP1019,Operations,4,2024,24,84.2,16,1,1,0,2,19,8.9,13.8,76.75,67.51,64.62,MEDIUM,0
EMP1019,Operations,5,2024,25,95.5,21,1,2,0,0,22,9.0,21.5,64.62,65.55,65.78,MEDIUM,0
EMP1019,Operations,6,2024,26,100,18,0,1,0,0,18,9.1,19.9,65.78,66.05,73.59,MEDIUM,0
EMP1019,Operations,7,2024,27,95.5,21,1,5,1,0,22,8.7,19.3,73.59,63.19,61.9,MEDIUM,0
EMP1019,Operations,8,2024,28,90.5,19,1,1,1,1,21,8.9,20.3,61.9,63.39,63.03,MEDIUM,1
EMP1019,Operations,9,2024,29,95.0,19,1,1,0,0,20,9.2,22.2,63.03,68.54,68.43,MEDIUM,0
EMP1019,Operations,10,2024,30,100,23,0,0,0,0,23,9.1,25.6,68.43,68.76,74.08,MEDIUM,0
EMP1019,Operations,11,2024,31,90.5,19,1,1,0,1,21,9.2,22.8,74.08,66.97,68.63,MEDIUM,0
EMP1019,Operations,12,2024,32,80.0,16,0,0,0,4,20,9.0,16.5,68.63,66.02,67.49,MEDIUM,0
EMP1019,Operations,1,2025,33,95.7,22,1,2,1,0,23,8.6,17.4,67.49,65.43,65.15,MEDIUM,0
EMP1019,Operations,2,2025,34,94.7,18,0,3,0,1,19,9.0,17.2,65.15,66.47,70.04,MEDIUM,0
EMP1019,Operations,3,2025,35,100,20,0,3,2,0,20,8.3,15.0,70.04,66.37,65.49,MEDIUM,0
EMP1019,Operations,4,2025,36,90.0,18,0,0,2,2,20,8.5,16.7,65.49,68.69,64.4,MEDIUM,0
EMP1019,Operations,5,2025,37,90.5,19,0,1,0,2,21,9.2,22.0,64.4,65.59,68.34,MEDIUM,0
EMP1019,Operations,6,2025,38,85.0,17,2,2,0,1,20,8.9,15.2,68.34,64.84,64.19,MEDIUM,0
EMP1019,Operations,7,2025,39,95.7,22,1,2,1,0,23,8.9,22.9,64.19,64.25,65.59,MEDIUM,0
EMP1019,Operations,8,2025,40,95.0,19,0,2,0,1,20,8.9,17.7,65.59,64.33,66.23,MEDIUM,0
EMP1019,Operations,9,2025,41,100,21,0,2,0,0,21,9.0,21.3,66.23,66.89,71.65,MEDIUM,0
EMP1019,Operations,10,2025,42,95.7,22,1,1,0,0,23,9.0,22.3,71.65,64.32,70.61,MEDIUM,0
EMP1019,Operations,11,2025,43,75.0,15,4,0,0,1,20,9.1,16.0,70.61,65.23,55.44,HIGH,0
EMP1019,Operations,12,2025,44,90.9,20,0,0,0,2,22,9.2,24.2,55.44,67.01,69.81,MEDIUM,0
EMP1020,Operations,1,2024,45,100,23,0,1,0,0,23,9.1,26.1,88.57,70.55,81.67,LOW,0
EMP1020,Operations,2,2024,46,90.0,18,2,1,0,0,20,9.1,20.4,81.67,68.9,71.79,MEDIUM,0
EMP1020,Operations,3,2024,47,95.2,20,1,2,1,0,21,8.9,22.4,71.79,69.97,66.14,MEDIUM,0
EMP1020,Operations,4,2024,48,94.7,18,0,0,0,1,19,9.5,26.3,66.14,67.51,74.35,MEDIUM,0
EMP1020,Operations,5,2024,49,100,22,0,2,0,0,22,9.1,24.6,74.35,65.55,74.92,MEDIUM,0
EMP1020,Operations,6,2024,50,100,18,0,1,3,0,18,8.3,17.0,74.92,66.05,67.85,MEDIUM,0
EMP1020,Operations,7,2024,51,90.9,20,1,0,1,1,22,8.6,17.1,67.85,63.19,67.57,MEDIUM,0
EMP1020,Operations,8,2024,52,85.7,18,0,1,0,3,21,9.1,19.6,67.57,63.39,68.0,MEDIUM,0
EMP1020,Operations,9,2024,53,100,20,0,1,0,0,20,9.1,21.2,68.0,68.54,75.17,LOW,0
EMP1020,Operations,10,2024,54,95.7,22,0,2,1,1,23,8.9,23.4,75.17,68.76,71.93,MEDIUM,0
EMP1020,Operations,11,2024,55,95.2,20,1,0,1,0,21,8.9,22.0,71.93,66.97,69.84,MEDIUM,0
EMP1020,Operations,12,2024,56,85.0,17,1,0,0,2,20,9.2,20.9,69.84,66.02,69.39,MEDIUM,0
EMP1020,Operations,1,2025,57,95.7,22,0,2,0,1,23,9.3,29.6,69.39,65.43,70.24,MEDIUM,0
EMP1020,Operations,2,2025,58,94.7,18,0,2,2,1,19,8.5,17.2,70.24,66.47,66.06,MEDIUM,0
EMP1020,Operations,3,2025,59,100,20,0,3,0,0,20,9.1,22.4,66.06,66.37,67.88,MEDIUM,0
EMP1020,Operations,4,2025,60,95.0,19,0,3,1,1,20,8.7,16.8,67.88,68.69,68.79,MEDIUM,0
EMP1020,Operations,5,2025,61,85.7,18,2,1,1,1,21,8.9,20.7,68.79,65.59,61.15,MEDIUM,0
EMP1020,Operations,6,2025,62,85.0,17,2,2,2,1,20,8.4,14.8,61.15,64.84,58.19,HIGH,1
EMP1020,Operations,7,2025,63,82.6,19,2,3,1,2,23,8.7,16.9,58.19,64.25,54.97,HIGH,1
EMP1020,Operations,8,2025,64,85.0,17,2,2,1,1,20,8.5,12.3,54.97,64.33,55.11,HIGH,1
EMP1020,Operations,9,2025,65,85.7,18,2,0,0,1,21,9.0,18.8,55.11,66.89,63.69,MEDIUM,1
EMP1020,Operations,10,2025,66,95.7,22,0,4,0,1,23,9.2,26.2,63.69,64.32,64.57,MEDIUM,1
EMP1020,Operations,11,2025,67,100,20,0,3,0,0,20,9.0,20.6,64.57,65.23,66.65,MEDIUM,0
EMP1020,Operations,12,2025,68,86.4,19,1,2,0,2,22,9.1,21.8,66.65,67.01,66.54,MEDIUM,0
EMP1021,Operations,1,2024,24,91.3,21,1,3,2,1,23,8.6,20.6,88.6,70.55,68.49,MEDIUM,0
EMP1021,Operations,2,2024,25,100,20,0,3,0,0,20,9.1,21.4,68.49,68.9,73.4,MEDIUM,0
EMP1021,Operations,3,2024,26,95.2,20,0,2,1,1,21,8.7,18.7,73.4,69.97,69.63,MEDIUM,0
EMP1021,Operations,4,2024,27,89.5,17,1,1,2,1,19,8.5,17.4,69.63,67.51,63.94,MEDIUM,0
EMP1021,Operations,5,2024,28,95.5,21,0,2,2,1,22,8.4,17.1,63.94,65.55,62.12,MEDIUM,1
EMP1021,Operations,6,2024,29,100,18,0,3,3,0,18,8.2,15.5,62.12,66.05,60.03,MEDIUM,1
EMP1021,Operations,7,2024,30,90.9,20,1,3,0,1,22,9.1,22.4,60.03,63.19,62.16,MEDIUM,1
EMP1021,Operations,8,2024,31,95.2,20,0,0,0,1,21,9.3,26.7,62.16,63.39,73.68,MEDIUM,0
EMP1021,Operations,9,2024,32,95.0,19,1,0,2,0,20,8.5,16.8,73.68,68.54,65.8,MEDIUM,0
EMP1021,Operations,10,2024,33,100,23,0,2,2,0,23,8.5,20.9,65.8,68.76,67.3,MEDIUM,0
EMP1021,Operations,11,2024,34,100,21,0,5,0,0,21,8.9,19.0,67.3,66.97,69.65,MEDIUM,0
EMP1021,Operations,12,2024,35,80.0,16,2,1,2,2,20,8.3,13.8,69.65,66.02,57.88,HIGH,0
EMP1021,Operations,1,2025,36,87.0,20,2,4,1,1,23,8.7,17.5,57.88,65.43,53.87,HIGH,1
EMP1021,Operations,2,2025,37,94.7,18,1,2,1,0,19,8.8,18.1,53.87,66.47,64.53,MEDIUM,1
EMP1021,Operations,3,2025,38,90.0,18,1,0,2,1,20,8.6,18.9,64.53,66.37,65.62,MEDIUM,0
EMP1021,Operations,4,2025,39,100,20,0,3,2,0,20,8.7,22.5,65.62,68.69,63.39,MEDIUM,0
EMP1021,Operations,5,2025,40,85.7,18,3,1,2,0,21,8.3,13.8,63.39,65.59,56.89,HIGH,1
EMP1021,Operations,6,2025,41,80.0,16,1,0,0,3,20,9.1,17.3,56.89,64.84,60.09,MEDIUM,1
EMP1021,Operations,7,2025,42,100,23,0,2,1,0,23,8.8,22.0,60.09,64.25,65.69,MEDIUM,0
EMP1021,Operations,8,2025,43,85.0,17,2,1,2,1,20,8.6,17.5,65.69,64.33,60.32,MEDIUM,0
EMP1021,Operations,9,2025,44,100,21,0,2,1,0,21,8.8,20.8,60.32,66.89,66.87,MEDIUM,0
EMP1021,Operations,10,2025,45,91.3,21,1,2,1,1,23,8.9,21.9,66.87,64.32,65.57,MEDIUM,0
EMP1021,Operations,11,2025,46,85.0,17,1,0,2,2,20,8.5,16.3,65.57,65.23,59.01,HIGH,0
EMP1021,Operations,12,2025,47,86.4,19,0,4,0,3,22,9.0,19.1,59.01,67.01,60.96,MEDIUM,1
EMP1022,Operations,1,2024,45,100,23,0,1,1,0,23,8.8,22.8,64.59,70.55,68.42,MEDIUM,0
EMP1022,Operations,2,2024,46,85.0,17,3,1,0,0,20,9.3,22.6,68.42,68.9,61.28,MEDIUM,0
EMP1022,Operations,3,2024,47,100,21,0,1,1,0,21,8.9,22.1,61.28,69.97,71.42,MEDIUM,0
EMP1022,Operations,4,2024,48,94.7,18,0,2,0,1,19,9.2,22.1,71.42,67.51,72.9,MEDIUM,0
EMP1022,Operations,5,2024,49,81.8,18,1,1,0,3,22,9.2,20.9,72.9,65.55,66.98,MEDIUM,0
EMP1022,Operations,6,2024,50,88.9,16,0,3,0,2,18,9.2,18.7,66.98,66.05,65.35,MEDIUM,0
EMP1022,Operations,7,2024,51,95.5,21,0,3,0,1,22,8.9,19.8,65.35,63.19,64.85,MEDIUM,0
EMP1022,Operations,8,2024,52,85.7,18,1,2,1,2,21,8.9,21.2,64.85,63.39,58.89,HIGH,1
EMP1022,Operations,9,2024,53,90.0,18,1,2,0,1,20,9.3,22.7,58.89,68.54,66.23,MEDIUM,0
EMP1022,Operations,10,2024,54,95.7,22,1,2,0,0,23,8.9,20.4,66.23,68.76,66.08,MEDIUM,0
EMP1022,Operations,11,2024,55,90.5,19,2,1,0,0,21,9.1,20.7,66.08,66.97,65.73,MEDIUM,0
EMP1022,Operations,12,2024,56,90.0,18,0,0,0,2,20,8.9,16.2,65.73,66.02,72.32,MEDIUM,0
EMP1022,Operations,1,2025,57,95.7,22,1,2,1,0,23,8.9,24.8,72.32,65.43,66.45,MEDIUM,0
EMP1022,Operations,2,2025,58,89.5,17,2,1,0,0,19,9.1,18.5,66.45,66.47,65.04,MEDIUM,0
EMP1022,Operations,3,2025,59,95.0,19,1,1,0,0,20,8.9,17.1,65.04,66.37,66.04,MEDIUM,0
EMP1022,Operations,4,2025,60,100,20,0,0,0,0,20,9.2,23.8,66.04,68.69,77.31,LOW,0
EMP1022,Operations,5,2025,61,95.2,20,1,4,1,0,21,8.9,21.3,77.31,65.59,65.34,MEDIUM,0
EMP1022,Operations,6,2025,62,90.0,18,0,2,0,2,20,9.0,17.1,65.34,64.84,67.83,MEDIUM,0
EMP1022,Operations,7,2025,63,100,23,0,2,0,0,23,9.1,24.3,67.83,64.25,70.18,MEDIUM,0
EMP1022,Operations,8,2025,64,100,20,0,0,0,0,20,9.4,27.8,70.18,64.33,79.32,LOW,0
EMP1022,Operations,9,2025,65,90.5,19,1,3,0,1,21,9.3,23.8,79.32,66.89,69.81,MEDIUM,0
EMP1022,Operations,10,2025,66,91.3,21,0,3,0,2,23,9.1,22.2,69.81,64.32,66.09,MEDIUM,0
EMP1022,Operations,11,2025,67,85.0,17,2,2,0,1,20,9.1,18.9,66.09,65.23,60.04,MEDIUM,0
EMP1022,Operations,12,2025,68,86.4,19,1,1,0,2,22,8.9,17.5,60.04,67.01,60.14,MEDIUM,1
EMP1023,Finance,1,2024,15,91.3,21,0,6,2,2,23,6.3,0.0,61.77,54.7,47.58,HIGH,1
EMP1023,Finance,2,2024,16,90.0,18,2,1,0,0,20,6.9,0.0,47.58,52.17,51.06,HIGH,1
EMP1023,Finance,3,2024,17,95.2,20,0,0,0,1,21,6.5,0.0,51.06,54.66,60.46,MEDIUM,1
EMP1023,Finance,4,2024,18,84.2,16,2,1,0,1,19,6.7,0.0,60.46,51.56,50.86,HIGH,1
EMP1023,Finance,5,2024,19,95.5,21,0,3,0,1,22,6.5,0.0,50.86,51.55,52.48,HIGH,1
EMP1023,Finance,6,2024,20,66.7,12,2,1,1,4,18,6.3,0.0,52.48,49.93,40.11,HIGH,1
EMP1023,Finance,7,2024,21,81.8,18,1,1,0,3,22,6.6,0.0,40.11,46.19,46.73,HIGH,1
EMP1023,Finance,8,2024,22,90.5,19,0,3,0,2,21,6.6,0.0,46.73,50.02,53.79,HIGH,1
EMP1023,Finance,9,2024,23,75.0,15,2,1,1,3,20,6.4,0.0,53.79,53.25,46.55,HIGH,1
EMP1023,Finance,10,2024,24,91.3,21,1,2,1,1,23,6.6,0.0,46.55,50.55,51.67,HIGH,1
EMP1023,Finance,11,2024,25,90.5,19,1,3,0,1,21,6.6,0.0,51.67,52.44,48.63,HIGH,1
EMP1023,Finance,12,2024,26,95.0,19,0,0,0,1,20,6.6,0.0,48.63,50.88,56.17,HIGH,1
EMP1023,Finance,1,2025,27,95.7,22,0,5,2,1,23,6.5,0.0,56.17,48.79,49.39,HIGH,1
EMP1023,Finance,2,2025,28,89.5,17,2,3,0,0,19,6.7,0.0,49.39,53.69,46.02,HIGH,1
EMP1023,Finance,3,2025,29,85.0,17,2,0,1,1,20,6.5,0.0,46.02,51.79,47.17,HIGH,1
EMP1023,Finance,4,2025,30,95.0,19,0,1,0,1,20,6.7,0.0,47.17,54.72,59.62,HIGH,1
EMP1023,Finance,5,2025,31,95.2,20,1,4,0,0,21,6.6,0.0,59.62,52.27,51.7,HIGH,1
EMP1023,Finance,6,2025,32,95.0,19,0,3,0,1,20,6.6,0.0,51.7,53.64,54.06,HIGH,1
EMP1023,Finance,7,2025,33,87.0,20,0,3,1,3,23,6.3,0.0,54.06,51.21,48.11,HIGH,1
EMP1023,Finance,8,2025,34,100,20,0,2,0,0,20,6.7,0.0,48.11,50.95,59.8,HIGH,1
EMP1023,Finance,9,2025,35,90.5,19,2,0,0,0,21,6.6,0.0,59.8,55.31,54.13,HIGH,1
EMP1023,Finance,10,2025,36,95.7,22,1,3,1,0,23,6.5,0.0,54.13,53.31,50.54,HIGH,1
EMP1023,Finance,11,2025,37,90.0,18,2,3,1,0,20,6.3,0.0,50.54,51.79,48.21,HIGH,1
EMP1023,Finance,12,2025,38,95.5,21,0,4,0,1,22,6.6,0.0,48.21,53.01,51.07,HIGH,1
EMP1024,Finance,1,2024,3,91.3,21,2,1,2,0,23,6.2,0.0,89.89,54.7,58.47,HIGH,1
EMP1024,Finance,2,2024,4,95.0,19,1,2,0,0,20,6.7,0.0,58.47,52.17,56.29,HIGH,1
EMP1024,Finance,3,2024,5,90.5,19,0,3,2,2,21,6.1,0.0,56.29,54.66,47.72,HIGH,1
EMP1024,Finance,4,2024,6,89.5,17,1,2,1,1,19,6.5,0.0,47.72,51.56,52.03,HIGH,1
EMP1024,Finance,5,2024,7,86.4,19,0,1,0,3,22,6.5,0.0,52.03,51.55,51.68,HIGH,1
EMP1024,Finance,6,2024,8,94.4,17,0,3,1,1,18,6.5,0.0,51.68,49.93,55.32,HIGH,1
EMP1024,Finance,7,2024,9,95.5,21,1,0,0,0,22,6.6,0.0,55.32,46.19,57.31,HIGH,1
EMP1024,Finance,8,2024,10,90.5,19,1,1,1,1,21,6.5,0.0,57.31,50.02,55.92,HIGH,1
EMP1024,Finance,9,2024,11,95.0,19,1,1,1,0,20,6.5,0.0,55.92,53.25,57.44,HIGH,1
EMP1024,Finance,10,2024,12,91.3,21,0,1,0,2,23,6.7,0.0,57.44,50.55,58.3,HIGH,1
EMP1024,Finance,11,2024,13,95.2,20,0,2,1,1,21,6.4,0.0,58.3,52.44,57.41,HIGH,1
EMP1024,Finance,12,2024,14,75.0,15,3,0,0,2,20,6.5,0.0,57.41,50.88,45.64,HIGH,1
EMP1024,Finance,1,2025,15,95.7,22,1,4,0,0,23,6.5,0.0,45.64,48.79,47.84,HIGH,1
EMP1024,Finance,2,2025,16,94.7,18,0,2,1,1,19,6.5,0.0,47.84,53.69,53.21,HIGH,1
EMP1024,Finance,3,2025,17,100,20,0,2,2,0,20,6.4,0.0,53.21,51.79,58.62,HIGH,1
EMP1024,Finance,4,2025,18,95.0,19,1,1,0,0,20,6.7,0.0,58.62,54.72,59.76,HIGH,1
EMP1024,Finance,5,2025,19,90.5,19,1,1,2,1,21,6.3,0.0,59.76,52.27,51.17,HIGH,1
EMP1024,Finance,6,2025,20,100,20,0,5,0,0,20,6.7,0.0,51.17,53.64,52.71,HIGH,1
EMP1024,Finance,7,2025,21,95.7,22,0,1,2,1,23,6.4,0.0,52.71,51.21,52.38,HIGH,1
EMP1024,Finance,8,2025,22,90.0,18,1,4,1,1,20,6.3,0.0,52.38,50.95,46.89,HIGH,1
EMP1024,Finance,9,2025,23,95.2,20,1,0,0,0,21,6.7,0.0,46.89,55.31,59.23,HIGH,1
EMP1024,Finance,10,2025,24,91.3,21,1,1,0,1,23,6.6,0.0,59.23,53.31,57.8,HIGH,1
EMP1024,Finance,11,2025,25,95.0,19,0,3,2,1,20,6.4,0.0,57.8,51.79,53.87,HIGH,1
EMP1024,Finance,12,2025,26,100,22,0,2,1,0,22,6.5,0.0,53.87,53.01,56.1,HIGH,1
EMP1025,Finance,1,2024,33,87.0,20,3,2,2,0,23,6.1,0.0,86.11,54.7,52.45,HIGH,0
EMP1025,Finance,2,2024,34,90.0,18,2,0,1,0,20,6.5,0.0,52.45,52.17,52.01,HIGH,1
EMP1025,Finance,3,2024,35,95.2,20,1,1,3,0,21,6.3,0.0,52.01,54.66,50.28,HIGH,1
EMP1025,Finance,4,2024,36,94.7,18,0,1,2,1,19,6.4,0.0,50.28,51.56,52.99,HIGH,1
EMP1025,Finance,5,2024,37,86.4,19,1,2,1,2,22,6.3,0.0,52.99,51.55,47.57,HIGH,1
EMP1025,Finance,6,2024,38,77.8,14,1,3,1,3,18,6.2,0.0,47.57,49.93,41.24,HIGH,1
EMP1025,Finance,7,2024,39,77.3,17,0,3,3,5,22,6.1,0.0,41.24,46.19,40.73,HIGH,1
EMP1025,Finance,8,2024,40,100,21,0,3,2,0,21,6.3,0.0,40.73,50.02,50.78,HIGH,1
EMP1025,Finance,9,2024,41,90.0,18,1,2,0,1,20,6.5,0.0,50.78,53.25,52.33,HIGH,1
EMP1025,Finance,10,2024,42,95.7,22,1,1,3,0,23,6.1,0.0,52.33,50.55,50.0,HIGH,1
EMP1025,Finance,11,2024,43,95.2,20,0,1,1,1,21,6.5,0.0,50.0,52.44,54.4,HIGH,1
EMP1025,Finance,12,2024,44,90.0,18,1,1,0,1,20,6.5,0.0,54.4,50.88,55.19,HIGH,1
EMP1025,Finance,1,2025,45,87.0,20,3,0,5,0,23,5.9,0.0,55.19,48.79,40.55,HIGH,1
EMP1025,Finance,2,2025,46,94.7,18,1,1,0,0,19,6.7,0.0,40.55,53.69,54.3,HIGH,1
EMP1025,Finance,3,2025,47,85.0,17,2,2,2,1,20,6.3,0.0,54.3,51.79,47.62,HIGH,1
EMP1025,Finance,4,2025,48,100,20,0,4,0,0,20,6.4,0.0,47.62,54.72,55.9,HIGH,1
EMP1025,Finance,5,2025,49,90.5,19,1,2,1,1,21,6.5,0.0,55.9,52.27,50.61,HIGH,1
EMP1025,Finance,6,2025,50,95.0,19,1,2,1,0,20,6.3,0.0,50.61,53.64,55.37,HIGH,1
EMP1025,Finance,7,2025,51,82.6,19,0,3,1,4,23,6.4,0.0,55.37,51.21,49.99,HIGH,1
EMP1025,Finance,8,2025,52,80.0,16,1,1,1,3,20,6.5,0.0,49.99,50.95,45.32,HIGH,1
EMP1025,Finance,9,2025,53,95.2,20,0,1,0,1,21,6.6,0.0,45.32,55.31,58.96,HIGH,1
EMP1025,Finance,10,2025,54,100,23,0,0,1,0,23,6.4,0.0,58.96,53.31,59.03,HIGH,1
EMP1025,Finance,11,2025,55,85.0,17,1,1,3,2,20,6.2,0.0,59.03,51.79,47.58,HIGH,1
EMP1025,Finance,12,2025,56,90.9,20,0,0,1,2,22,6.5,0.0,47.58,53.01,55.11,HIGH,1
EMP1026,Finance,1,2024,28,100,23,0,1,1,0,23,6.5,0.0,63.36,54.7,59.77,HIGH,1
EMP1026,Finance,2,2024,29,90.0,18,0,3,0,2,20,6.5,0.0,59.77,52.17,56.12,HIGH,1
EMP1026,Finance,3,2024,30,100,21,0,0,1,0,21,6.5,0.0,56.12,54.66,63.47,MEDIUM,1
EMP1026,Finance,4,2024,31,89.5,17,1,0,0,1,19,6.7,0.0,63.47,51.56,56.73,HIGH,1
EMP1026,Finance,5,2024,32,90.9,20,2,2,1,0,22,6.5,0.0,56.73,51.55,51.43,HIGH,1
EMP1026,Finance,6,2024,33,88.9,16,0,2,0,2,18,6.7,0.0,51.43,49.93,55.15,HIGH,1
EMP1026,Finance,7,2024,34,90.9,20,1,4,0,1,22,6.5,0.0,55.15,46.19,48.84,HIGH,1
EMP1026,Finance,8,2024,35,76.2,16,0,0,1,5,21,6.3,0.0,48.84,50.02,49.37,HIGH,1
EMP1026,Finance,9,2024,36,90.0,18,0,2,0,2,20,6.8,0.0,49.37,53.25,54.82,HIGH,1
EMP1026,Finance,10,2024,37,95.7,22,1,0,1,0,23,6.6,0.0,54.82,50.55,55.97,HIGH,1
EMP1026,Finance,11,2024,38,100,21,0,2,0,0,21,6.7,0.0,55.97,52.44,58.09,HIGH,1
EMP1026,Finance,12,2024,39,95.0,19,1,2,0,0,20,6.6,0.0,58.09,50.88,54.59,HIGH,1
EMP1026,Finance,1,2025,40,95.7,22,0,1,0,1,23,6.6,0.0,54.59,48.79,59.43,HIGH,1
EMP1026,Finance,2,2025,41,94.7,18,0,1,0,1,19,6.7,0.0,59.43,53.69,62.41,MEDIUM,1
EMP1026,Finance,3,2025,42,90.0,18,1,1,0,1,20,6.7,0.0,62.41,51.79,56.71,HIGH,1
EMP1026,Finance,4,2025,43,95.0,19,0,3,0,1,20,6.5,0.0,56.71,54.72,55.27,HIGH,1
EMP1026,Finance,5,2025,44,95.2,20,0,1,0,1,21,6.8,0.0,55.27,52.27,61.35,MEDIUM,1
EMP1026,Finance,6,2025,45,90.0,18,1,2,0,1,20,6.6,0.0,61.35,53.64,53.66,HIGH,1
EMP1026,Finance,7,2025,46,82.6,19,0,2,0,4,23,6.5,0.0,53.66,51.21,52.91,HIGH,1
EMP1026,Finance,8,2025,47,90.0,18,1,1,0,1,20,6.6,0.0,52.91,50.95,53.34,HIGH,1
EMP1026,Finance,9,2025,48,95.2,20,0,1,0,1,21,6.5,0.0,53.34,55.31,58.97,HIGH,1
EMP1026,Finance,10,2025,49,100,23,0,2,1,0,23,6.5,0.0,58.97,53.31,61.22,MEDIUM,1
EMP1026,Finance,11,2025,50,95.0,19,0,1,1,1,20,6.4,0.0,61.22,51.79,61.18,MEDIUM,1
EMP1026,Finance,12,2025,51,90.9,20,1,3,0,1,22,6.6,0.0,61.18,53.01,56.44,HIGH,1
EMP1027,Finance,1,2024,62,87.0,20,2,2,0,1,23,6.4,0.0,76.03,54.7,53.99,HIGH,0
EMP1027,Finance,2,2024,63,90.0,18,2,3,0,0,20,6.5,0.0,53.99,52.17,52.46,HIGH,1
EMP1027,Finance,3,2024,64,90.5,19,1,3,1,1,21,6.5,0.0,52.46,54.66,50.22,HIGH,1
EMP1027,Finance,4,2024,65,89.5,17,2,6,2,0,19,6.3,0.0,50.22,51.56,38.91,HIGH,1
EMP1027,Finance,5,2024,66,95.5,21,0,1,1,1,22,6.4,0.0,38.91,51.55,52.6,HIGH,1
EMP1027,Finance,6,2024,67,88.9,16,1,4,0,1,18,6.4,0.0,52.6,49.93,47.04,HIGH,1
EMP1027,Finance,7,2024,68,77.3,17,4,3,0,1,22,6.4,0.0,47.04,46.19,36.55,HIGH,1
EMP1027,Finance,8,2024,69,90.5,19,1,2,1,1,21,6.4,0.0,36.55,50.02,45.98,HIGH,1
EMP1027,Finance,9,2024,70,95.0,19,1,1,0,0,20,6.5,0.0,45.98,53.25,56.0,HIGH,1
EMP1027,Finance,10,2024,71,91.3,21,2,1,1,0,23,6.4,0.0,56.0,50.55,49.88,HIGH,1
EMP1027,Finance,11,2024,72,85.7,18,2,1,2,1,21,6.3,0.0,49.88,52.44,44.92,HIGH,1
EMP1027,Finance,12,2024,73,95.0,19,0,4,2,1,20,6.4,0.0,44.92,50.88,45.47,HIGH,1
EMP1027,Finance,1,2025,74,91.3,21,2,4,0,0,23,6.7,0.0,45.47,48.79,46.69,HIGH,1
EMP1027,Finance,2,2025,75,94.7,18,1,2,0,0,19,6.5,0.0,46.69,53.69,55.06,HIGH,1
EMP1027,Finance,3,2025,76,90.0,18,2,3,3,0,20,6.0,0.0,55.06,51.79,44.0,HIGH,1
EMP1027,Finance,4,2025,77,95.0,19,1,2,0,0,20,6.5,0.0,44.0,54.72,53.37,HIGH,1
EMP1027,Finance,5,2025,78,95.2,20,1,4,1,0,21,6.5,0.0,53.37,52.27,51.69,HIGH,1
EMP1027,Finance,6,2025,79,100,20,0,3,1,0,20,6.5,0.0,51.69,53.64,58.17,HIGH,1
EMP1027,Finance,7,2025,80,100,23,0,3,0,0,23,6.4,0.0,58.17,51.21,60.35,MEDIUM,1
EMP1027,Finance,8,2025,81,80.0,16,2,3,0,2,20,6.5,0.0,60.35,50.95,49.34,HIGH,1
EMP1027,Finance,9,2025,82,100,21,0,4,1,0,21,6.5,0.0,49.34,55.31,56.12,HIGH,1
EMP1027,Finance,10,2025,83,100,23,0,4,2,0,23,6.4,0.0,56.12,53.31,52.7,HIGH,1
EMP1027,Finance,11,2025,84,85.0,17,3,4,2,0,20,6.3,0.0,52.7,51.79,42.57,HIGH,1
EMP1027,Finance,12,2025,85,100,22,0,1,0,0,22,6.5,0.0,42.57,53.01,57.48,HIGH,1
EMP1028,Finance,1,2024,70,91.3,21,1,2,1,1,23,6.5,0.0,60.5,54.7,51.41,HIGH,1
EMP1028,Finance,2,2024,71,100,20,0,2,0,0,20,6.8,0.0,51.41,52.17,57.28,HIGH,1
EMP1028,Finance,3,2024,72,100,21,0,0,1,0,21,6.5,0.0,57.28,54.66,59.27,HIGH,1
EMP1028,Finance,4,2024,73,94.7,18,0,3,0,1,19,6.4,0.0,59.27,51.56,55.15,HIGH,1
EMP1028,Finance,5,2024,74,95.5,21,0,3,3,1,22,6.2,0.0,55.15,51.55,50.43,HIGH,1
EMP1028,Finance,6,2024,75,88.9,16,1,2,0,1,18,6.6,0.0,50.43,49.93,52.4,HIGH,1
EMP1028,Finance,7,2024,76,86.4,19,1,3,3,2,22,6.2,0.0,52.4,46.19,43.8,HIGH,1
EMP1028,Finance,8,2024,77,95.2,20,1,2,0,0,21,6.6,0.0,43.8,50.02,50.25,HIGH,1
EMP1028,Finance,9,2024,78,100,20,0,0,0,0,20,6.6,0.0,50.25,53.25,61.26,MEDIUM,1
EMP1028,Finance,10,2024,79,95.7,22,0,0,2,1,23,6.4,0.0,61.26,50.55,55.98,HIGH,1
EMP1028,Finance,11,2024,80,100,21,0,1,0,0,21,6.6,0.0,55.98,52.44,59.61,HIGH,1
EMP1028,Finance,12,2024,81,95.0,19,0,1,0,1,20,6.5,0.0,59.61,50.88,56.9,HIGH,1
EMP1028,Finance,1,2025,82,91.3,21,0,1,1,2,23,6.4,0.0,56.9,48.79,56.79,HIGH,1
EMP1028,Finance,2,2025,83,94.7,18,0,0,1,1,19,6.4,0.0,56.79,53.69,56.23,HIGH,1
EMP1028,Finance,3,2025,84,100,20,0,2,1,0,20,6.4,0.0,56.23,51.79,56.33,HIGH,1
EMP1028,Finance,4,2025,85,95.0,19,1,2,0,0,20,6.7,0.0,56.33,54.72,54.4,HIGH,1
EMP1028,Finance,5,2025,86,90.5,19,1,2,1,1,21,6.4,0.0,54.4,52.27,49.42,HIGH,1
EMP1028,Finance,6,2025,87,90.0,18,2,2,0,0,20,6.7,0.0,49.42,53.64,51.9,HIGH,1
EMP1028,Finance,7,2025,88,82.6,19,2,1,1,2,23,6.4,0.0,51.9,51.21,47.87,HIGH,1
EMP1028,Finance,8,2025,89,85.0,17,1,1,0,2,20,6.7,0.0,47.87,50.95,48.28,HIGH,1
EMP1028,Finance,9,2025,90,100,21,0,0,1,0,21,6.6,0.0,48.28,55.31,56.78,HIGH,1
EMP1028,Finance,10,2025,91,100,23,0,3,2,0,23,6.6,0.0,56.78,53.31,53.47,HIGH,1
EMP1028,Finance,11,2025,92,100,20,0,1,0,0,20,6.7,0.0,53.47,51.79,58.29,HIGH,1
EMP1028,Finance,12,2025,93,86.4,19,3,1,0,0,22,6.7,0.0,58.29,53.01,50.3,HIGH,1
EMP1029,Finance,1,2024,28,91.3,21,1,1,0,1,23,6.6,0.0,75.47,54.7,59.35,HIGH,0
EMP1029,Finance,2,2024,29,80.0,16,3,1,3,1,20,6.1,0.0,59.35,52.17,43.99,HIGH,1
EMP1029,Finance,3,2024,30,90.5,19,0,2,0,2,21,6.6,0.0,43.99,54.66,50.61,HIGH,1
EMP1029,Finance,4,2024,31,89.5,17,2,0,2,0,19,6.3,0.0,50.61,51.56,48.64,HIGH,1
EMP1029,Finance,5,2024,32,100,22,0,1,0,0,22,6.6,0.0,48.64,51.55,57.31,HIGH,1
EMP1029,Finance,6,2024,33,94.4,17,0,1,1,1,18,6.4,0.0,57.31,49.93,54.87,HIGH,1
EMP1029,Finance,7,2024,34,95.5,21,1,3,2,0,22,6.4,0.0,54.87,46.19,48.27,HIGH,1
EMP1029,Finance,8,2024,35,90.5,19,2,1,3,0,21,6.3,0.0,48.27,50.02,47.99,HIGH,1
EMP1029,Finance,9,2024,36,90.0,18,2,1,2,0,20,6.3,0.0,47.99,53.25,50.91,HIGH,1
EMP1029,Finance,10,2024,37,91.3,21,2,5,2,0,23,6.4,0.0,50.91,50.55,44.28,HIGH,1
EMP1029,Finance,11,2024,38,85.7,18,3,0,0,0,21,6.8,0.0,44.28,52.44,46.38,HIGH,1
EMP1029,Finance,12,2024,39,85.0,17,2,3,0,1,20,6.7,0.0,46.38,50.88,47.87,HIGH,1
EMP1029,Finance,1,2025,40,91.3,21,2,3,0,0,23,6.6,0.0,47.87,48.79,50.18,HIGH,1
EMP1029,Finance,2,2025,41,89.5,17,1,1,0,1,19,6.7,0.0,50.18,53.69,54.98,HIGH,1
EMP1029,Finance,3,2025,42,95.0,19,0,2,2,1,20,6.3,0.0,54.98,51.79,55.09,HIGH,1
EMP1029,Finance,4,2025,43,95.0,19,1,6,1,0,20,6.4,0.0,55.09,54.72,47.21,HIGH,1
EMP1029,Finance,5,2025,44,95.2,20,1,1,2,0,21,6.5,0.0,47.21,52.27,49.35,HIGH,1
EMP1029,Finance,6,2025,45,70.0,14,3,2,0,3,20,6.5,0.0,49.35,53.64,41.37,HIGH,1
EMP1029,Finance,7,2025,46,82.6,19,0,1,0,4,23,6.6,0.0,41.37,51.21,47.93,HIGH,1
EMP1029,Finance,8,2025,47,95.0,19,1,1,1,0,20,6.5,0.0,47.93,50.95,55.31,HIGH,1
EMP1029,Finance,9,2025,48,85.7,18,0,1,1,3,21,6.5,0.0,55.31,55.31,53.64,HIGH,1
EMP1029,Finance,10,2025,49,87.0,20,3,1,2,0,23,6.5,0.0,53.64,53.31,46.62,HIGH,1
EMP1029,Finance,11,2025,50,100,20,0,1,1,0,20,6.4,0.0,46.62,51.79,54.98,HIGH,1
EMP1029,Finance,12,2025,51,86.4,19,2,1,1,1,22,6.6,0.0,54.98,53.01,51.03,HIGH,1
EMP1030,Finance,1,2024,41,82.6,19,2,3,0,2,23,6.5,0.0,84.4,54.7,54.6,HIGH,0
EMP1030,Finance,2,2024,42,85.0,17,3,1,0,0,20,6.6,0.0,54.6,52.17,48.14,HIGH,1
EMP1030,Finance,3,2024,43,95.2,20,1,2,0,0,21,6.7,0.0,48.14,54.66,55.29,HIGH,1
EMP1030,Finance,4,2024,44,94.7,18,0,2,0,1,19,6.6,0.0,55.29,51.56,57.21,HIGH,1
EMP1030,Finance,5,2024,45,90.9,20,1,5,2,1,22,6.4,0.0,57.21,51.55,48.92,HIGH,1
EMP1030,Finance,6,2024,46,94.4,17,1,1,1,0,18,6.4,0.0,48.92,49.93,53.28,HIGH,1
EMP1030,Finance,7,2024,47,86.4,19,3,2,2,0,22,6.4,0.0,53.28,46.19,47.26,HIGH,1
EMP1030,Finance,8,2024,48,85.7,18,1,5,0,2,21,6.7,0.0,47.26,50.02,46.06,HIGH,1
EMP1030,Finance,9,2024,49,90.0,18,1,3,2,1,20,6.1,0.0,46.06,53.25,46.67,HIGH,1
EMP1030,Finance,10,2024,50,87.0,20,3,6,2,0,23,6.4,0.0,46.67,50.55,38.31,HIGH,1
EMP1030,Finance,11,2024,51,85.7,18,2,0,0,1,21,6.6,0.0,38.31,52.44,50.04,HIGH,1
EMP1030,Finance,12,2024,52,90.0,18,2,2,2,0,20,6.4,0.0,50.04,50.88,45.18,HIGH,1
EMP1030,Finance,1,2025,53,78.3,18,5,1,1,0,23,6.4,0.0,45.18,48.79,39.45,HIGH,1
EMP1030,Finance,2,2025,54,94.7,18,1,1,2,0,19,6.2,0.0,39.45,53.69,47.28,HIGH,1
EMP1030,Finance,3,2025,55,95.0,19,1,4,1,0,20,6.4,0.0,47.28,51.79,48.81,HIGH,1
EMP1030,Finance,4,2025,56,90.0,18,2,0,0,0,20,6.4,0.0,48.81,54.72,52.24,HIGH,1
EMP1030,Finance,5,2025,57,95.2,20,0,2,1,1,21,6.4,0.0,52.24,52.27,52.87,HIGH,1
EMP1030,Finance,6,2025,58,100,20,0,1,0,0,20,6.9,0.0,52.87,53.64,61.88,MEDIUM,1
EMP1030,Finance,7,2025,59,87.0,20,1,4,0,2,23,6.6,0.0,61.88,51.21,50.15,HIGH,1
EMP1030,Finance,8,2025,60,85.0,17,3,1,1,0,20,6.5,0.0,50.15,50.95,49.36,HIGH,1
EMP1030,Finance,9,2025,61,85.7,18,3,0,2,0,21,6.2,0.0,49.36,55.31,44.69,HIGH,1
EMP1030,Finance,10,2025,62,91.3,21,2,5,1,0,23,6.6,0.0,44.69,53.31,45.12,HIGH,1
EMP1030,Finance,11,2025,63,95.0,19,1,3,1,0,20,6.5,0.0,45.12,51.79,47.61,HIGH,1
EMP1030,Finance,12,2025,64,86.4,19,2,2,1,1,22,6.6,0.0,47.61,53.01,46.54,HIGH,1
EMP1031,HR,1,2024,70,91.3,21,1,1,0,1,23,5.8,0.0,74.71,56.65,58.57,HIGH,0
EMP1031,HR,2,2024,71,95.0,19,0,1,1,1,20,5.9,0.0,58.57,54.06,58.77,HIGH,1
EMP1031,HR,3,2024,72,90.5,19,1,0,1,1,21,5.7,0.0,58.77,48.75,56.8,HIGH,1
EMP1031,HR,4,2024,73,94.7,18,0,2,0,1,19,5.9,0.0,56.8,54.4,55.15,HIGH,1
EMP1031,HR,5,2024,74,90.9,20,0,1,0,2,22,5.8,0.0,55.15,51.44,53.43,HIGH,1
EMP1031,HR,6,2024,75,88.9,16,1,1,1,1,18,5.6,0.0,53.43,50.6,47.48,HIGH,1
EMP1031,HR,7,2024,76,86.4,19,2,1,1,1,22,5.7,0.0,47.48,50.66,46.35,HIGH,1
EMP1031,HR,8,2024,77,95.2,20,0,4,0,1,21,5.8,0.0,46.35,51.55,52.84,HIGH,1
EMP1031,HR,9,2024,78,100,20,0,0,2,0,20,5.7,0.0,52.84,50.65,58.03,HIGH,1
EMP1031,HR,10,2024,79,100,23,0,3,1,0,23,5.7,0.0,58.03,51.91,58.11,HIGH,1
EMP1031,HR,11,2024,80,100,21,0,2,0,0,21,5.7,0.0,58.11,55.1,59.79,HIGH,1
EMP1031,HR,12,2024,81,80.0,16,0,0,2,4,20,5.6,0.0,59.79,49.29,49.19,HIGH,1
EMP1031,HR,1,2025,82,100,23,0,0,2,0,23,5.7,0.0,49.19,51.66,54.6,HIGH,1
EMP1031,HR,2,2025,83,100,19,0,2,0,0,19,5.8,0.0,54.6,53.83,57.76,HIGH,1
EMP1031,HR,3,2025,84,90.0,18,1,1,0,1,20,5.8,0.0,57.76,51.03,50.66,HIGH,1
EMP1031,HR,4,2025,85,100,20,0,2,1,0,20,5.6,0.0,50.66,52.39,56.88,HIGH,1
EMP1031,HR,5,2025,86,90.5,19,1,1,1,1,21,5.5,0.0,56.88,48.98,50.37,HIGH,1
EMP1031,HR,6,2025,87,95.0,19,0,0,0,1,20,5.8,0.0,50.37,51.1,54.73,HIGH,1
EMP1031,HR,7,2025,88,91.3,21,0,2,1,2,23,5.7,0.0,54.73,50.75,54.11,HIGH,1
EMP1031,HR,8,2025,89,90.0,18,0,2,1,2,20,5.6,0.0,54.11,49.36,49.09,HIGH,1
EMP1031,HR,9,2025,90,95.2,20,1,4,1,0,21,5.6,0.0,49.09,46.94,49.91,HIGH,1
EMP1031,HR,10,2025,91,91.3,21,1,1,0,1,23,5.8,0.0,49.91,52.27,52.64,HIGH,1
EMP1031,HR,11,2025,92,95.0,19,1,0,0,0,20,5.9,0.0,52.64,53.71,58.0,HIGH,1
EMP1031,HR,12,2025,93,90.9,20,0,3,0,2,22,5.7,0.0,58.0,51.98,54.67,HIGH,1
EMP1032,HR,1,2024,28,95.7,22,0,2,0,1,23,5.7,0.0,76.11,56.65,62.72,MEDIUM,0
EMP1032,HR,2,2024,29,100,20,0,1,0,0,20,5.6,0.0,62.72,54.06,63.39,MEDIUM,1
EMP1032,HR,3,2024,30,85.7,18,0,1,0,3,21,5.9,0.0,63.39,48.75,51.81,HIGH,1
EMP1032,HR,4,2024,31,100,19,0,0,0,0,19,5.9,0.0,51.81,54.4,60.43,MEDIUM,1
EMP1032,HR,5,2024,32,100,22,0,1,2,0,22,5.5,0.0,60.43,51.44,54.76,HIGH,1
EMP1032,HR,6,2024,33,94.4,17,0,2,0,1,18,6.0,0.0,54.76,50.6,54.29,HIGH,1
EMP1032,HR,7,2024,34,90.9,20,0,0,0,2,22,5.8,0.0,54.29,50.66,55.77,HIGH,1
EMP1032,HR,8,2024,35,95.2,20,0,1,0,1,21,5.9,0.0,55.77,51.55,59.09,HIGH,1
EMP1032,HR,9,2024,36,100,20,0,4,0,0,20,5.7,0.0,59.09,50.65,53.15,HIGH,1
EMP1032,HR,10,2024,37,91.3,21,0,1,0,2,23,5.8,0.0,53.15,51.91,52.6,HIGH,1
EMP1032,HR,11,2024,38,100,21,0,0,0,0,21,5.8,0.0,52.6,55.1,62.96,MEDIUM,1
EMP1032,HR,12,2024,39,100,20,0,0,0,0,20,5.8,0.0,62.96,49.29,62.47,MEDIUM,1
EMP1032,HR,1,2025,40,95.7,22,0,1,0,1,23,5.6,0.0,62.47,51.66,60.99,MEDIUM,1
EMP1032,HR,2,2025,41,100,19,0,0,0,0,19,5.8,0.0,60.99,53.83,59.64,HIGH,1
EMP1032,HR,3,2025,42,95.0,19,0,0,0,1,20,5.8,0.0,59.64,51.03,56.74,HIGH,1
EMP1032,HR,4,2025,43,100,20,0,1,0,0,20,5.8,0.0,56.74,52.39,62.07,MEDIUM,1
EMP1032,HR,5,2025,44,95.2,20,1,0,1,0,21,5.8,0.0,62.07,48.98,56.16,HIGH,1
EMP1032,HR,6,2025,45,95.0,19,0,1,1,1,20,5.7,0.0,56.16,51.1,55.91,HIGH,1
EMP1032,HR,7,2025,46,95.7,22,0,1,0,1,23,5.8,0.0,55.91,50.75,54.88,HIGH,1
EMP1032,HR,8,2025,47,100,20,0,0,0,0,20,5.7,0.0,54.88,49.36,58.33,HIGH,1
EMP1032,HR,9,2025,48,85.7,18,0,2,0,3,21,5.8,0.0,58.33,46.94,50.1,HIGH,1
EMP1032,HR,10,2025,49,100,23,0,1,0,0,23,5.6,0.0,50.1,52.27,58.78,HIGH,1
EMP1032,HR,11,2025,50,100,20,0,0,0,0,20,5.7,0.0,58.78,53.71,60.29,MEDIUM,1
EMP1032,HR,12,2025,51,100,22,0,2,0,0,22,5.8,0.0,60.29,51.98,60.61,MEDIUM,1
EMP1033,HR,1,2024,68,100,23,0,3,1,0,23,5.6,0.0,69.92,56.65,58.34,HIGH,0
EMP1033,HR,2,2024,69,90.0,18,1,5,0,1,20,5.7,0.0,58.34,54.06,44.96,HIGH,1
EMP1033,HR,3,2024,70,95.2,20,1,5,0,0,21,5.7,0.0,44.96,48.75,47.27,HIGH,1
EMP1033,HR,4,2024,71,100,19,0,4,0,0,19,5.7,0.0,47.27,54.4,53.99,HIGH,1
EMP1033,HR,5,2024,72,81.8,18,2,3,2,2,22,5.7,0.0,53.99,51.44,42.34,HIGH,1
EMP1033,HR,6,2024,73,94.4,17,0,1,2,1,18,5.7,0.0,42.34,50.6,48.02,HIGH,1
EMP1033,HR,7,2024,74,90.9,20,1,2,2,1,22,5.6,0.0,48.02,50.66,45.48,HIGH,1
EMP1033,HR,8,2024,75,90.5,19,1,1,2,1,21,5.6,0.0,45.48,51.55,48.01,HIGH,1
EMP1033,HR,9,2024,76,90.0,18,1,5,1,1,20,5.8,0.0,48.01,50.65,42.3,HIGH,1
EMP1033,HR,10,2024,77,91.3,21,1,4,1,1,23,5.7,0.0,42.3,51.91,42.87,HIGH,1
EMP1033,HR,11,2024,78,95.2,20,1,2,0,0,21,5.8,0.0,42.87,55.1,50.61,HIGH,1
EMP1033,HR,12,2024,79,85.0,17,3,2,1,0,20,5.7,0.0,50.61,49.29,42.89,HIGH,1
EMP1033,HR,1,2025,80,91.3,21,0,4,0,2,23,5.8,0.0,42.89,51.66,44.24,HIGH,1
EMP1033,HR,2,2025,81,89.5,17,2,1,1,0,19,5.7,0.0,44.24,53.83,49.0,HIGH,1
EMP1033,HR,3,2025,82,75.0,15,5,3,3,0,20,5.3,0.0,49.0,51.03,32.24,HIGH,1
EMP1033,HR,4,2025,83,95.0,19,1,1,0,0,20,5.7,0.0,32.24,52.39,47.76,HIGH,1
EMP1033,HR,5,2025,84,90.5,19,2,3,1,0,21,5.8,0.0,47.76,48.98,47.57,HIGH,1
EMP1033,HR,6,2025,85,95.0,19,0,2,1,1,20,5.6,0.0,47.57,51.1,53.35,HIGH,1
EMP1033,HR,7,2025,86,91.3,21,1,5,1,1,23,5.6,0.0,53.35,50.75,42.41,HIGH,1
EMP1033,HR,8,2025,87,90.0,18,2,2,1,0,20,5.7,0.0,42.41,49.36,44.4,HIGH,1
EMP1033,HR,9,2025,88,81.0,17,2,3,1,2,21,5.7,0.0,44.4,46.94,39.35,HIGH,1
EMP1033,HR,10,2025,89,95.7,22,0,1,3,1,23,5.5,0.0,39.35,52.27,48.87,HIGH,1
EMP1033,HR,11,2025,90,95.0,19,1,0,2,0,20,5.5,0.0,48.87,53.71,49.16,HIGH,1
EMP1033,HR,12,2025,91,90.9,20,0,6,0,2,22,5.7,0.0,49.16,51.98,46.47,HIGH,1
EMP1034,HR,1,2024,48,95.7,22,0,0,0,1,23,5.8,0.0,65.61,56.65,58.96,HIGH,0
EMP1034,HR,2,2024,49,85.0,17,1,1,0,2,20,5.8,0.0,58.96,54.06,52.62,HIGH,1
EMP1034,HR,3,2024,50,85.7,18,1,2,2,2,21,5.6,0.0,52.62,48.75,44.42,HIGH,1
EMP1034,HR,4,2024,51,100,19,0,0,1,0,19,5.6,0.0,44.42,54.4,57.57,HIGH,1
EMP1034,HR,5,2024,52,90.9,20,0,0,1,2,22,5.7,0.0,57.57,51.44,53.96,HIGH,1
EMP1034,HR,6,2024,53,88.9,16,1,4,1,1,18,5.7,0.0,53.96,50.6,46.14,HIGH,1
EMP1034,HR,7,2024,54,77.3,17,1,1,0,4,22,5.6,0.0,46.14,50.66,45.12,HIGH,1
EMP1034,HR,8,2024,55,90.5,19,2,3,0,0,21,5.8,0.0,45.12,51.55,43.32,HIGH,1
EMP1034,HR,9,2024,56,95.0,19,1,2,1,0,20,5.7,0.0,43.32,50.65,49.34,HIGH,1
EMP1034,HR,10,2024,57,100,23,0,1,1,0,23,5.8,0.0,49.34,51.91,57.42,HIGH,1
EMP1034,HR,11,2024,58,95.2,20,0,2,1,1,21,5.8,0.0,57.42,55.1,55.58,HIGH,1
EMP1034,HR,12,2024,59,70.0,14,1,0,0,5,20,5.9,0.0,55.58,49.29,46.12,HIGH,1
EMP1034,HR,1,2025,60,95.7,22,1,4,0,0,23,5.7,0.0,46.12,51.66,47.3,HIGH,1
EMP1034,HR,2,2025,61,78.9,15,2,1,0,2,19,5.9,0.0,47.3,53.83,46.47,HIGH,1
EMP1034,HR,3,2025,62,95.0,19,0,0,1,1,20,5.9,0.0,46.47,51.03,52.43,HIGH,1
EMP1034,HR,4,2025,63,90.0,18,1,1,0,1,20,5.8,0.0,52.43,52.39,49.71,HIGH,1
EMP1034,HR,5,2025,64,95.2,20,0,3,2,1,21,5.5,0.0,49.71,48.98,48.99,HIGH,1
EMP1034,HR,6,2025,65,85.0,17,1,2,1,2,20,5.7,0.0,48.99,51.1,45.72,HIGH,1
EMP1034,HR,7,2025,66,91.3,21,1,3,0,1,23,5.9,0.0,45.72,50.75,50.69,HIGH,1
EMP1034,HR,8,2025,67,90.0,18,0,2,1,2,20,5.7,0.0,50.69,49.36,47.35,HIGH,1
EMP1034,HR,9,2025,68,85.7,18,2,6,0,1,21,5.7,0.0,47.35,46.94,37.09,HIGH,1
EMP1034,HR,10,2025,69,82.6,19,1,1,0,3,23,5.7,0.0,37.09,52.27,41.8,HIGH,1
EMP1034,HR,11,2025,70,85.0,17,1,1,2,2,20,5.7,0.0,41.8,53.71,45.43,HIGH,1
EMP1034,HR,12,2025,71,90.9,20,1,2,1,1,22,5.7,0.0,45.43,51.98,49.51,HIGH,1
EMP1035,HR,1,2024,72,91.3,21,2,4,0,0,23,5.6,0.0,70.81,56.65,53.54,HIGH,0
EMP1035,HR,2,2024,73,90.0,18,1,2,0,1,20,5.8,0.0,53.54,54.06,48.9,HIGH,1
EMP1035,HR,3,2024,74,81.0,17,4,1,1,0,21,5.6,0.0,48.9,48.75,42.26,HIGH,1
EMP1035,HR,4,2024,75,100,19,0,3,0,0,19,5.9,0.0,42.26,54.4,50.2,HIGH,1
EMP1035,HR,5,2024,76,90.9,20,1,2,0,1,22,5.8,0.0,50.2,51.44,52.66,HIGH,1
EMP1035,HR,6,2024,77,88.9,16,1,2,1,1,18,5.7,0.0,52.66,50.6,48.46,HIGH,1
EMP1035,HR,7,2024,78,81.8,18,1,0,1,3,22,5.8,0.0,48.46,50.66,47.41,HIGH,1
EMP1035,HR,8,2024,79,90.5,19,1,1,3,1,21,5.5,0.0,47.41,51.55,48.9,HIGH,1
EMP1035,HR,9,2024,80,85.0,17,2,1,2,1,20,5.8,0.0,48.9,50.65,45.17,HIGH,1
EMP1035,HR,10,2024,81,91.3,21,2,4,1,0,23,5.7,0.0,45.17,51.91,42.31,HIGH,1
EMP1035,HR,11,2024,82,100,21,0,3,1,0,21,5.5,0.0,42.31,55.1,51.13,HIGH,1
EMP1035,HR,12,2024,83,90.0,18,1,1,2,1,20,5.6,0.0,51.13,49.29,49.07,HIGH,1
EMP1035,HR,1,2025,84,95.7,22,0,4,3,1,23,5.6,0.0,49.07,51.66,45.2,HIGH,1
EMP1035,HR,2,2025,85,94.7,18,0,2,2,1,19,5.6,0.0,45.2,53.83,52.2,HIGH,1
EMP1035,HR,3,2025,86,95.0,19,0,1,0,1,20,5.7,0.0,52.2,51.03,57.12,HIGH,1
EMP1035,HR,4,2025,87,90.0,18,1,4,1,1,20,5.5,0.0,57.12,52.39,45.68,HIGH,1
EMP1035,HR,5,2025,88,95.2,20,0,0,5,1,21,5.3,0.0,45.68,48.98,49.42,HIGH,1
EMP1035,HR,6,2025,89,80.0,16,3,2,2,1,20,5.7,0.0,49.42,51.1,40.88,HIGH,1
EMP1035,HR,7,2025,90,87.0,20,2,1,3,1,23,5.4,0.0,40.88,50.75,39.25,HIGH,1
EMP1035,HR,8,2025,91,85.0,17,1,1,2,2,20,5.4,0.0,39.25,49.36,40.23,HIGH,1
EMP1035,HR,9,2025,92,90.5,19,2,0,1,0,21,5.7,0.0,40.23,46.94,46.86,HIGH,1
EMP1035,HR,10,2025,93,95.7,22,0,3,0,1,23,5.9,0.0,46.86,52.27,55.0,HIGH,1
EMP1035,HR,11,2025,94,100,20,0,3,2,0,20,5.6,0.0,55.0,53.71,52.22,HIGH,1
EMP1035,HR,12,2025,95,90.9,20,1,0,1,1,22,5.6,0.0,52.22,51.98,52.36,HIGH,1
EMP1036,HR,1,2024,18,87.0,20,2,1,1,1,23,5.6,0.0,77.38,56.65,51.7,HIGH,0
EMP1036,HR,2,2024,19,100,20,0,3,0,0,20,5.8,0.0,51.7,54.06,55.66,HIGH,1
EMP1036,HR,3,2024,20,95.2,20,1,1,1,0,21,5.7,0.0,55.66,48.75,55.93,HIGH,1
EMP1036,HR,4,2024,21,100,19,0,1,1,0,19,5.7,0.0,55.93,54.4,55.0,HIGH,1
EMP1036,HR,5,2024,22,95.5,21,0,3,0,1,22,5.7,0.0,55.0,51.44,56.63,HIGH,1
EMP1036,HR,6,2024,23,94.4,17,0,0,1,1,18,5.5,0.0,56.63,50.6,55.02,HIGH,1
EMP1036,HR,7,2024,24,86.4,19,1,2,0,2,22,5.7,0.0,55.02,50.66,48.87,HIGH,1
EMP1036,HR,8,2024,25,95.2,20,0,0,0,1,21,5.7,0.0,48.87,51.55,56.6,HIGH,1
EMP1036,HR,9,2024,26,90.0,18,0,0,0,2,20,5.7,0.0,56.6,50.65,53.85,HIGH,1
EMP1036,HR,10,2024,27,91.3,21,0,1,0,2,23,5.9,0.0,53.85,51.91,57.76,HIGH,1
EMP1036,HR,11,2024,28,95.2,20,1,0,2,0,21,5.7,0.0,57.76,55.1,56.02,HIGH,1
EMP1036,HR,12,2024,29,75.0,15,2,0,0,3,20,5.9,0.0,56.02,49.29,45.88,HIGH,1
EMP1036,HR,1,2025,30,100,23,0,0,1,0,23,5.5,0.0,45.88,51.66,56.7,HIGH,1
EMP1036,HR,2,2025,31,94.7,18,0,0,0,1,19,6.0,0.0,56.7,53.83,58.97,HIGH,1
EMP1036,HR,3,2025,32,95.0,19,0,1,0,1,20,5.8,0.0,58.97,51.03,59.17,HIGH,1
EMP1036,HR,4,2025,33,95.0,19,1,1,1,0,20,5.7,0.0,59.17,52.39,53.08,HIGH,1
EMP1036,HR,5,2025,34,90.5,19,1,2,0,1,21,5.8,0.0,53.08,48.98,52.81,HIGH,1
EMP1036,HR,6,2025,35,95.0,19,1,0,1,0,20,5.7,0.0,52.81,51.1,56.39,HIGH,1
EMP1036,HR,7,2025,36,91.3,21,0,2,1,2,23,5.7,0.0,56.39,50.75,52.86,HIGH,1
EMP1036,HR,8,2025,37,90.0,18,2,2,1,0,20,5.7,0.0,52.86,49.36,48.38,HIGH,1
EMP1036,HR,9,2025,38,90.5,19,1,0,0,1,21,5.7,0.0,48.38,46.94,51.59,HIGH,1
EMP1036,HR,10,2025,39,95.7,22,1,1,0,0,23,5.8,0.0,51.59,52.27,55.57,HIGH,1
EMP1036,HR,11,2025,40,100,20,0,1,2,0,20,5.6,0.0,55.57,53.71,58.1,HIGH,1
EMP1036,HR,12,2025,41,81.8,18,0,1,1,4,22,5.7,0.0,58.1,51.98,46.8,HIGH,1
EMP1037,HR,1,2024,29,91.3,21,1,0,2,1,23,5.8,0.0,62.55,56.65,51.52,HIGH,1
EMP1037,HR,2,2024,30,100,20,0,0,1,0,20,5.7,0.0,51.52,54.06,55.29,HIGH,1
EMP1037,HR,3,2024,31,90.5,19,1,3,2,1,21,5.6,0.0,55.29,48.75,47.94,HIGH,1
EMP1037,HR,4,2024,32,89.5,17,0,0,0,2,19,5.7,0.0,47.94,54.4,55.36,HIGH,1
EMP1037,HR,5,2024,33,86.4,19,1,0,0,2,22,5.9,0.0,55.36,51.44,52.5,HIGH,1
EMP1037,HR,6,2024,34,94.4,17,0,2,0,1,18,5.8,0.0,52.5,50.6,55.25,HIGH,1
EMP1037,HR,7,2024,35,100,22,0,2,0,0,22,5.8,0.0,55.25,50.66,58.79,HIGH,1
EMP1037,HR,8,2024,36,90.5,19,1,3,1,1,21,5.7,0.0,58.79,51.55,46.68,HIGH,1
EMP1037,HR,9,2024,37,100,20,0,0,1,0,20,5.8,0.0,46.68,50.65,56.97,HIGH,1
EMP1037,HR,10,2024,38,100,23,0,2,0,0,23,5.6,0.0,56.97,51.91,58.35,HIGH,1
EMP1037,HR,11,2024,39,100,21,0,0,0,0,21,5.7,0.0,58.35,55.1,63.15,MEDIUM,1
EMP1037,HR,12,2024,40,85.0,17,1,0,1,2,20,5.7,0.0,63.15,49.29,54.97,HIGH,1
EMP1037,HR,1,2025,41,100,23,0,1,1,0,23,5.7,0.0,54.97,51.66,60.27,MEDIUM,1
EMP1037,HR,2,2025,42,94.7,18,0,1,0,1,19,5.9,0.0,60.27,53.83,59.28,HIGH,1
EMP1037,HR,3,2025,43,95.0,19,1,1,1,0,20,5.7,0.0,59.28,51.03,52.36,HIGH,1
EMP1037,HR,4,2025,44,95.0,19,1,4,0,0,20,5.7,0.0,52.36,52.39,50.47,HIGH,1
EMP1037,HR,5,2025,45,85.7,18,2,2,1,1,21,5.5,0.0,50.47,48.98,46.18,HIGH,1
EMP1037,HR,6,2025,46,95.0,19,1,0,3,0,20,5.4,0.0,46.18,51.1,47.54,HIGH,1
EMP1037,HR,7,2025,47,95.7,22,1,3,0,0,23,5.7,0.0,47.54,50.75,51.43,HIGH,1
EMP1037,HR,8,2025,48,90.0,18,0,0,0,2,20,5.8,0.0,51.43,49.36,55.91,HIGH,1
EMP1037,HR,9,2025,49,90.5,19,1,1,1,1,21,5.7,0.0,55.91,46.94,53.0,HIGH,1
EMP1037,HR,10,2025,50,95.7,22,0,2,0,1,23,5.8,0.0,53.0,52.27,53.85,HIGH,1
EMP1037,HR,11,2025,51,100,20,0,1,1,0,20,5.8,0.0,53.85,53.71,57.88,HIGH,1
EMP1037,HR,12,2025,52,95.5,21,0,0,1,1,22,5.8,0.0,57.88,51.98,55.38,HIGH,1
EMP1038,HR,1,2024,67,95.7,22,0,5,2,1,23,5.5,0.0,85.84,56.65,57.83,HIGH,0
EMP1038,HR,2,2024,68,90.0,18,1,0,1,1,20,5.9,0.0,57.83,54.06,52.88,HIGH,1
EMP1038,HR,3,2024,69,90.5,19,2,4,0,0,21,5.7,0.0,52.88,48.75,43.58,HIGH,1
EMP1038,HR,4,2024,70,94.7,18,1,3,0,0,19,5.7,0.0,43.58,54.4,47.52,HIGH,1
EMP1038,HR,5,2024,71,86.4,19,2,2,2,1,22,5.5,0.0,47.52,51.44,45.26,HIGH,1
EMP1038,HR,6,2024,72,94.4,17,0,1,2,1,18,5.6,0.0,45.26,50.6,50.16,HIGH,1
EMP1038,HR,7,2024,73,95.5,21,0,1,0,1,22,5.8,0.0,50.16,50.66,57.53,HIGH,1
EMP1038,HR,8,2024,74,95.2,20,0,1,1,1,21,5.8,0.0,57.53,51.55,56.96,HIGH,1
EMP1038,HR,9,2024,75,85.0,17,1,3,1,2,20,5.6,0.0,56.96,50.65,46.4,HIGH,1
EMP1038,HR,10,2024,76,91.3,21,2,2,0,0,23,5.9,0.0,46.4,51.91,45.88,HIGH,1
EMP1038,HR,11,2024,77,85.7,18,2,4,0,1,21,5.6,0.0,45.88,55.1,41.54,HIGH,1
EMP1038,HR,12,2024,78,90.0,18,2,3,1,0,20,5.8,0.0,41.54,49.29,43.73,HIGH,1
EMP1038,HR,1,2025,79,95.7,22,1,3,3,0,23,5.6,0.0,43.73,51.66,43.94,HIGH,1
EMP1038,HR,2,2025,80,94.7,18,0,3,1,1,19,5.6,0.0,43.94,53.83,47.3,HIGH,1
EMP1038,HR,3,2025,81,90.0,18,1,2,1,1,20,5.7,0.0,47.3,51.03,47.56,HIGH,1
EMP1038,HR,4,2025,82,100,20,0,1,2,0,20,5.6,0.0,47.56,52.39,53.48,HIGH,1
EMP1038,HR,5,2025,83,85.7,18,3,3,2,0,21,5.5,0.0,53.48,48.98,40.38,HIGH,1
EMP1038,HR,6,2025,84,95.0,19,0,1,1,1,20,5.7,0.0,40.38,51.1,54.32,HIGH,1
EMP1038,HR,7,2025,85,100,23,0,1,0,0,23,6.0,0.0,54.32,50.75,60.4,MEDIUM,1
EMP1038,HR,8,2025,86,85.0,17,1,0,2,2,20,5.7,0.0,60.4,49.36,51.18,HIGH,1
EMP1038,HR,9,2025,87,95.2,20,1,2,3,0,21,5.5,0.0,51.18,46.94,47.6,HIGH,1
EMP1038,HR,10,2025,88,95.7,22,0,3,1,1,23,5.6,0.0,47.6,52.27,51.68,HIGH,1
EMP1038,HR,11,2025,89,90.0,18,1,1,4,1,20,5.5,0.0,51.68,53.71,48.63,HIGH,1
EMP1038,HR,12,2025,90,95.5,21,1,2,1,0,22,5.7,0.0,48.63,51.98,50.05,HIGH,1
EMP1039,Sales,1,2024,24,91.3,21,1,1,2,1,23,7.2,0.1,65.01,59.78,58.4,HIGH,0
EMP1039,Sales,2,2024,25,100,20,0,3,0,0,20,7.5,0.7,58.4,59.03,64.12,MEDIUM,1
EMP1039,Sales,3,2024,26,85.7,18,1,2,0,2,21,7.4,0.8,64.12,58.98,58.26,HIGH,1
EMP1039,Sales,4,2024,27,94.7,18,1,0,0,0,19,7.6,0.7,58.26,57.84,61.51,MEDIUM,1
EMP1039,Sales,5,2024,28,95.5,21,0,2,0,1,22,7.5,0.7,61.51,57.48,59.01,HIGH,1
EMP1039,Sales,6,2024,29,88.9,16,1,0,1,1,18,7.4,1.1,59.01,57.74,55.17,HIGH,1
EMP1039,Sales,7,2024,30,95.5,21,0,1,2,1,22,7.1,0.1,55.17,57.75,59.49,HIGH,1
EMP1039,Sales,8,2024,31,85.7,18,0,3,0,3,21,7.4,0.4,59.49,54.86,53.01,HIGH,1
EMP1039,Sales,9,2024,32,85.0,17,2,0,3,1,20,6.8,0.4,53.01,54.79,45.34,HIGH,1
EMP1039,Sales,10,2024,33,78.3,18,2,2,0,3,23,7.5,0.9,45.34,56.21,48.05,HIGH,1
EMP1039,Sales,11,2024,34,95.2,20,0,0,1,1,21,7.3,0.4,48.05,56.52,58.2,HIGH,1
EMP1039,Sales,12,2024,35,80.0,16,3,2,1,1,20,7.0,0.0,58.2,57.67,45.68,HIGH,1
EMP1039,Sales,1,2025,36,100,23,0,0,0,0,23,7.5,0.5,45.68,56.28,59.85,HIGH,1
EMP1039,Sales,2,2025,37,89.5,17,1,2,2,1,19,6.9,0.2,59.85,58.24,54.54,HIGH,1
EMP1039,Sales,3,2025,38,95.0,19,1,2,0,0,20,7.3,0.3,54.54,59.82,59.94,HIGH,1
EMP1039,Sales,4,2025,39,100,20,0,0,0,0,20,7.6,0.6,59.94,58.29,66.25,MEDIUM,0
EMP1039,Sales,5,2025,40,85.7,18,1,2,1,2,21,7.1,0.0,66.25,57.51,51.5,HIGH,0
EMP1039,Sales,6,2025,41,100,20,0,2,1,0,20,7.5,0.6,51.5,58.28,57.08,HIGH,1
EMP1039,Sales,7,2025,42,95.7,22,0,1,0,1,23,7.5,0.9,57.08,55.82,61.36,MEDIUM,1
EMP1039,Sales,8,2025,43,100,20,0,1,1,0,20,7.2,0.4,61.36,57.91,60.95,MEDIUM,1
EMP1039,Sales,9,2025,44,90.5,19,2,2,0,0,21,7.4,0.2,60.95,59.46,55.9,HIGH,1
EMP1039,Sales,10,2025,45,95.7,22,0,3,0,1,23,7.5,0.4,55.9,59.39,55.98,HIGH,1
EMP1039,Sales,11,2025,46,100,20,0,2,0,0,20,7.4,0.0,55.98,59.12,63.8,MEDIUM,1
EMP1039,Sales,12,2025,47,90.9,20,1,3,1,1,22,7.4,0.8,63.8,54.09,55.55,HIGH,1
EMP1040,Sales,1,2024,16,91.3,21,0,1,1,2,23,7.3,0.3,74.63,59.78,61.5,MEDIUM,0
EMP1040,Sales,2,2024,17,85.0,17,3,1,0,0,20,7.5,0.4,61.5,59.03,51.76,HIGH,1
EMP1040,Sales,3,2024,18,85.7,18,1,2,0,2,21,7.6,0.8,51.76,58.98,55.46,HIGH,1
EMP1040,Sales,4,2024,19,78.9,15,3,0,0,1,19,7.2,0.0,55.46,57.84,47.32,HIGH,1
EMP1040,Sales,5,2024,20,90.9,20,1,2,0,1,22,7.7,0.5,47.32,57.48,52.53,HIGH,1
EMP1040,Sales,6,2024,21,100,18,0,1,1,0,18,7.2,0.7,52.53,57.74,59.8,HIGH,1
EMP1040,Sales,7,2024,22,95.5,21,0,0,0,1,22,7.4,0.2,59.8,57.75,62.8,MEDIUM,1
EMP1040,Sales,8,2024,23,85.7,18,0,1,0,3,21,7.5,0.8,62.8,54.86,55.59,HIGH,1
EMP1040,Sales,9,2024,24,95.0,19,0,6,0,1,20,7.3,0.5,55.59,54.79,52.43,HIGH,1
EMP1040,Sales,10,2024,25,95.7,22,0,0,2,1,23,7.1,0.5,52.43,56.21,58.93,HIGH,1
EMP1040,Sales,11,2024,26,95.2,20,0,1,2,1,21,7.1,0.5,58.93,56.52,59.67,HIGH,1
EMP1040,Sales,12,2024,27,95.0,19,1,1,1,0,20,7.3,0.5,59.67,57.67,59.3,HIGH,1
EMP1040,Sales,1,2025,28,95.7,22,1,1,2,0,23,7.1,0.1,59.3,56.28,58.71,HIGH,1
EMP1040,Sales,2,2025,29,89.5,17,1,1,1,1,19,7.3,0.5,58.71,58.24,56.38,HIGH,1
EMP1040,Sales,3,2025,30,95.0,19,1,1,1,0,20,7.3,0.4,56.38,59.82,56.68,HIGH,1
EMP1040,Sales,4,2025,31,95.0,19,0,0,2,1,20,7.1,0.7,56.68,58.29,60.45,MEDIUM,1
EMP1040,Sales,5,2025,32,100,21,0,2,0,0,21,7.1,0.0,60.45,57.51,61.59,MEDIUM,1
EMP1040,Sales,6,2025,33,100,20,0,0,1,0,20,7.2,0.2,61.59,58.28,63.19,MEDIUM,1
EMP1040,Sales,7,2025,34,95.7,22,0,1,2,1,23,7.2,0.9,63.19,55.82,61.49,MEDIUM,1
EMP1040,Sales,8,2025,35,85.0,17,1,0,2,2,20,7.2,0.6,61.49,57.91,52.61,HIGH,1
EMP1040,Sales,9,2025,36,100,21,0,1,1,0,21,7.3,0.6,52.61,59.46,62.83,MEDIUM,1
EMP1040,Sales,10,2025,37,91.3,21,2,1,0,0,23,7.3,0.4,62.83,59.39,57.65,HIGH,1
EMP1040,Sales,11,2025,38,100,20,0,2,2,0,20,7.2,0.8,57.65,59.12,60.85,MEDIUM,1
EMP1040,Sales,12,2025,39,90.9,20,2,2,1,0,22,7.2,0.3,60.85,54.09,52.25,HIGH,1
EMP1041,Sales,1,2024,16,73.9,17,5,2,0,1,23,7.3,0.1,76.18,59.78,46.93,HIGH,1
EMP1041,Sales,2,2024,17,90.0,18,1,2,0,1,20,7.7,0.6,46.93,59.03,54.89,HIGH,1
EMP1041,Sales,3,2024,18,90.5,19,1,3,0,1,21,7.4,0.2,54.89,58.98,53.58,HIGH,1
EMP1041,Sales,4,2024,19,68.4,13,4,2,0,2,19,7.5,0.5,53.58,57.84,40.09,HIGH,1
EMP1041,Sales,5,2024,20,86.4,19,1,3,3,2,22,6.9,0.4,40.09,57.48,43.6,HIGH,1
EMP1041,Sales,6,2024,21,77.8,14,1,1,1,3,18,7.1,0.1,43.6,57.74,43.19,HIGH,1
EMP1041,Sales,7,2024,22,95.5,21,1,2,0,0,22,7.2,0.1,43.19,57.75,54.92,HIGH,1
EMP1041,Sales,8,2024,23,85.7,18,3,3,0,0,21,7.5,0.5,54.92,54.86,46.79,HIGH,1
EMP1041,Sales,9,2024,24,85.0,17,1,0,1,2,20,7.3,0.5,46.79,54.79,50.9,HIGH,1
EMP1041,Sales,10,2024,25,95.7,22,0,2,3,1,23,6.9,0.5,50.9,56.21,54.23,HIGH,1
EMP1041,Sales,11,2024,26,90.5,19,2,4,2,0,21,7.0,0.2,54.23,56.52,45.69,HIGH,1
EMP1041,Sales,12,2024,27,85.0,17,2,2,0,1,20,7.2,0.1,45.69,57.67,47.13,HIGH,1
EMP1041,Sales,1,2025,28,87.0,20,2,5,1,1,23,7.3,0.9,47.13,56.28,43.14,HIGH,1
EMP1041,Sales,2,2025,29,100,19,0,2,1,0,19,7.3,0.2,43.14,58.24,55.75,HIGH,1
EMP1041,Sales,3,2025,30,100,20,0,2,1,0,20,7.4,0.4,55.75,59.82,60.17,MEDIUM,1
EMP1041,Sales,4,2025,31,75.0,15,4,3,0,1,20,7.4,0.0,60.17,58.29,40.82,HIGH,1
EMP1041,Sales,5,2025,32,85.7,18,1,1,1,2,21,7.4,0.7,40.82,57.51,48.6,HIGH,1
EMP1041,Sales,6,2025,33,90.0,18,2,0,0,0,20,7.4,0.4,48.6,58.28,53.55,HIGH,1
EMP1041,Sales,7,2025,34,100,23,0,4,5,0,23,6.7,0.3,53.55,55.82,48.08,HIGH,1
EMP1041,Sales,8,2025,35,95.0,19,1,6,2,0,20,7.1,0.3,48.08,57.91,48.06,HIGH,1
EMP1041,Sales,9,2025,36,85.7,18,2,3,0,1,21,7.4,0.2,48.06,59.46,48.03,HIGH,1
EMP1041,Sales,10,2025,37,91.3,21,2,1,1,0,23,7.1,0.6,48.03,59.39,50.48,HIGH,1
EMP1041,Sales,11,2025,38,90.0,18,2,1,2,0,20,6.9,0.6,50.48,59.12,51.35,HIGH,1
EMP1041,Sales,12,2025,39,81.8,18,3,4,0,1,22,7.3,0.2,51.35,54.09,41.53,HIGH,1
EMP1042,Sales,1,2024,3,100,23,0,2,1,0,23,7.3,0.4,82.89,59.78,67.45,MEDIUM,1
EMP1042,Sales,2,2024,4,95.0,19,0,0,4,1,20,6.9,0.9,67.45,59.03,58.1,HIGH,1
EMP1042,Sales,3,2024,5,90.5,19,0,1,1,2,21,7.4,0.5,58.1,58.98,60.24,MEDIUM,1
EMP1042,Sales,4,2024,6,84.2,16,1,1,0,2,19,7.3,0.0,60.24,57.84,56.34,HIGH,1
EMP1042,Sales,5,2024,7,100,22,0,2,2,0,22,7.1,0.3,56.34,57.48,60.22,MEDIUM,1
EMP1042,Sales,6,2024,8,88.9,16,1,1,0,1,18,7.5,0.7,60.22,57.74,60.7,MEDIUM,1
EMP1042,Sales,7,2024,9,86.4,19,1,1,0,2,22,7.3,0.1,60.7,57.75,54.94,HIGH,1
EMP1042,Sales,8,2024,10,90.5,19,1,1,1,1,21,7.2,0.2,54.94,54.86,57.13,HIGH,1
EMP1042,Sales,9,2024,11,90.0,18,1,3,0,1,20,7.4,0.2,57.13,54.79,52.98,HIGH,1
EMP1042,Sales,10,2024,12,91.3,21,2,1,1,0,23,7.3,1.4,52.98,56.21,53.48,HIGH,1
EMP1042,Sales,11,2024,13,100,21,0,1,2,0,21,7.0,0.5,53.48,56.52,60.37,MEDIUM,1
EMP1042,Sales,12,2024,14,95.0,19,0,1,0,1,20,7.2,0.3,60.37,57.67,59.83,HIGH,1
EMP1042,Sales,1,2025,15,95.7,22,0,0,1,1,23,7.4,0.6,59.83,56.28,60.91,MEDIUM,1
EMP1042,Sales,2,2025,16,100,19,0,4,0,0,19,7.4,0.2,60.91,58.24,58.97,HIGH,1
EMP1042,Sales,3,2025,17,95.0,19,0,0,0,1,20,7.4,0.3,58.97,59.82,60.59,MEDIUM,1
EMP1042,Sales,4,2025,18,95.0,19,1,3,2,0,20,7.0,0.0,60.59,58.29,51.43,HIGH,1
EMP1042,Sales,5,2025,19,85.7,18,1,0,0,2,21,7.5,0.7,51.43,57.51,58.16,HIGH,1
EMP1042,Sales,6,2025,20,85.0,17,1,0,0,2,20,7.3,0.2,58.16,58.28,57.24,HIGH,1
EMP1042,Sales,7,2025,21,95.7,22,1,5,1,0,23,7.2,0.3,57.24,55.82,51.68,HIGH,1
EMP1042,Sales,8,2025,22,100,20,0,0,0,0,20,7.6,0.6,51.68,57.91,66.77,MEDIUM,0
EMP1042,Sales,9,2025,23,100,21,0,2,1,0,21,7.4,0.2,66.77,59.46,63.75,MEDIUM,0
EMP1042,Sales,10,2025,24,87.0,20,0,2,1,3,23,7.5,0.9,63.75,59.39,56.49,HIGH,1
EMP1042,Sales,11,2025,25,95.0,19,1,1,1,0,20,7.3,0.2,56.49,59.12,59.96,HIGH,1
EMP1042,Sales,12,2025,26,77.3,17,4,1,1,1,22,7.2,0.1,59.96,54.09,43.14,HIGH,1
EMP1043,Sales,1,2024,26,95.7,22,0,3,0,1,23,7.4,0.7,82.96,59.78,64.5,MEDIUM,0
EMP1043,Sales,2,2024,27,95.0,19,0,0,1,1,20,7.1,0.4,64.5,59.03,61.12,MEDIUM,1
EMP1043,Sales,3,2024,28,100,21,0,0,1,0,21,7.4,0.4,61.12,58.98,65.56,MEDIUM,0
EMP1043,Sales,4,2024,29,100,19,0,1,0,0,19,7.4,0.4,65.56,57.84,62.78,MEDIUM,0
EMP1043,Sales,5,2024,30,95.5,21,0,0,0,1,22,7.2,0.0,62.78,57.48,61.3,MEDIUM,1
EMP1043,Sales,6,2024,31,100,18,0,2,0,0,18,7.4,0.6,61.3,57.74,64.56,MEDIUM,1
EMP1043,Sales,7,2024,32,95.5,21,0,0,0,1,22,7.4,0.6,64.56,57.75,63.04,MEDIUM,1
EMP1043,Sales,8,2024,33,95.2,20,1,3,0,0,21,7.5,0.2,63.04,54.86,57.75,HIGH,1
EMP1043,Sales,9,2024,34,90.0,18,0,0,2,2,20,7.0,0.6,57.75,54.79,57.06,HIGH,1
EMP1043,Sales,10,2024,35,100,23,0,1,0,0,23,7.3,0.2,57.06,56.21,62.5,MEDIUM,1
EMP1043,Sales,11,2024,36,100,21,0,1,0,0,21,7.4,0.2,62.5,56.52,65.49,MEDIUM,0
EMP1043,Sales,12,2024,37,90.0,18,1,1,0,1,20,7.3,0.5,65.49,57.67,60.49,MEDIUM,0
EMP1043,Sales,1,2025,38,95.7,22,0,2,0,1,23,7.4,0.3,60.49,56.28,62.03,MEDIUM,1
EMP1043,Sales,2,2025,39,100,19,0,1,1,0,19,7.2,0.0,62.03,58.24,63.66,MEDIUM,1
EMP1043,Sales,3,2025,40,90.0,18,1,0,0,1,20,7.3,0.7,63.66,59.82,60.25,MEDIUM,1
EMP1043,Sales,4,2025,41,90.0,18,0,0,0,2,20,7.3,0.4,60.25,58.29,60.13,MEDIUM,1
EMP1043,Sales,5,2025,42,100,21,0,0,0,0,21,7.6,0.9,60.13,57.51,69.3,MEDIUM,0
EMP1043,Sales,6,2025,43,85.0,17,0,1,1,3,20,7.3,0.9,69.3,58.28,59.02,HIGH,0
EMP1043,Sales,7,2025,44,91.3,21,1,0,1,1,23,7.5,0.9,59.02,55.82,56.14,HIGH,1
EMP1043,Sales,8,2025,45,95.0,19,0,1,1,1,20,7.2,0.5,56.14,57.91,61.13,MEDIUM,1
EMP1043,Sales,9,2025,46,100,21,0,0,0,0,21,7.5,0.4,61.13,59.46,65.04,MEDIUM,0
EMP1043,Sales,10,2025,47,95.7,22,0,0,0,1,23,7.4,0.0,65.04,59.39,66.43,MEDIUM,0
EMP1043,Sales,11,2025,48,90.0,18,0,0,0,2,20,7.6,0.5,66.43,59.12,62.43,MEDIUM,0
EMP1043,Sales,12,2025,49,95.5,21,0,0,0,1,22,7.4,0.7,62.43,54.09,63.9,MEDIUM,1
EMP1044,Sales,1,2024,29,95.7,22,0,0,0,1,23,7.5,0.8,67.65,59.78,66.43,MEDIUM,0
EMP1044,Sales,2,2024,30,100,20,0,0,0,0,20,7.4,0.5,66.43,59.03,69.6,MEDIUM,0
EMP1044,Sales,3,2024,31,100,21,0,0,1,0,21,7.2,0.7,69.6,58.98,69.07,MEDIUM,0
EMP1044,Sales,4,2024,32,100,19,0,4,0,0,19,7.6,0.4,69.07,57.84,63.25,MEDIUM,0
EMP1044,Sales,5,2024,33,95.5,21,0,1,0,1,22,7.5,0.9,63.25,57.48,65.55,MEDIUM,0
EMP1044,Sales,6,2024,34,100,18,0,2,0,0,18,7.4,0.4,65.55,57.74,61.48,MEDIUM,0
EMP1044,Sales,7,2024,35,95.5,21,0,1,0,1,22,7.5,0.6,61.48,57.75,61.38,MEDIUM,1
EMP1044,Sales,8,2024,36,100,21,0,0,0,0,21,7.4,0.3,61.38,54.86,68.23,MEDIUM,0
EMP1044,Sales,9,2024,37,90.0,18,0,1,0,2,20,7.2,0.2,68.23,54.79,60.11,MEDIUM,0
EMP1044,Sales,10,2024,38,100,23,0,1,0,0,23,7.5,0.6,60.11,56.21,66.53,MEDIUM,0
EMP1044,Sales,11,2024,39,90.5,19,0,0,0,2,21,7.4,0.4,66.53,56.52,60.55,MEDIUM,0
EMP1044,Sales,12,2024,40,95.0,19,0,1,0,1,20,7.4,0.0,60.55,57.67,60.04,MEDIUM,1
EMP1044,Sales,1,2025,41,100,23,0,0,0,0,23,7.3,0.3,60.04,56.28,64.1,MEDIUM,1
EMP1044,Sales,2,2025,42,100,19,0,0,0,0,19,7.5,0.3,64.1,58.24,65.46,MEDIUM,0
EMP1044,Sales,3,2025,43,100,20,0,0,0,0,20,7.7,1.0,65.46,59.82,68.23,MEDIUM,0
EMP1044,Sales,4,2025,44,95.0,19,0,1,0,1,20,7.7,0.8,68.23,58.29,67.77,MEDIUM,0
EMP1044,Sales,5,2025,45,90.5,19,0,1,0,2,21,7.4,0.3,67.77,57.51,62.0,MEDIUM,0
EMP1044,Sales,6,2025,46,100,20,0,0,0,0,20,7.3,0.3,62.0,58.28,64.91,MEDIUM,1
EMP1044,Sales,7,2025,47,95.7,22,0,0,0,1,23,7.5,0.6,64.91,55.82,65.36,MEDIUM,0
EMP1044,Sales,8,2025,48,100,20,0,1,0,0,20,7.4,0.2,65.36,57.91,63.39,MEDIUM,0
EMP1044,Sales,9,2025,49,95.2,20,1,0,1,0,21,7.3,1.0,63.39,59.46,62.96,MEDIUM,1
EMP1044,Sales,10,2025,50,100,23,0,1,1,0,23,7.2,0.3,62.96,59.39,63.8,MEDIUM,1
EMP1044,Sales,11,2025,51,100,20,0,0,0,0,20,7.4,0.3,63.8,59.12,69.37,MEDIUM,0
EMP1044,Sales,12,2025,52,95.5,21,0,2,0,1,22,7.7,0.9,69.37,54.09,65.13,MEDIUM,0
EMP1045,Sales,1,2024,26,100,23,0,0,2,0,23,7.2,0.3,69.97,59.78,63.3,MEDIUM,0
EMP1045,Sales,2,2024,27,90.0,18,0,1,2,2,20,7.0,0.5,63.3,59.03,57.69,HIGH,1
EMP1045,Sales,3,2024,28,100,21,0,0,1,0,21,7.2,0.5,57.69,58.98,63.47,MEDIUM,1
EMP1045,Sales,4,2024,29,89.5,17,0,0,1,2,19,7.4,0.6,63.47,57.84,62.11,MEDIUM,1
EMP1045,Sales,5,2024,30,86.4,19,1,0,0,2,22,7.5,0.3,62.11,57.48,61.19,MEDIUM,1
EMP1045,Sales,6,2024,31,88.9,16,0,0,1,2,18,7.2,0.5,61.19,57.74,58.7,HIGH,1
EMP1045,Sales,7,2024,32,90.9,20,0,1,1,2,22,7.3,0.7,58.7,57.75,58.7,HIGH,1
EMP1045,Sales,8,2024,33,90.5,19,1,7,1,1,21,7.2,0.3,58.7,54.86,45.78,HIGH,1
EMP1045,Sales,9,2024,34,95.0,19,0,2,0,1,20,7.4,0.0,45.78,54.79,54.01,HIGH,1
EMP1045,Sales,10,2024,35,100,23,0,1,0,0,23,7.5,0.6,54.01,56.21,63.01,MEDIUM,1
EMP1045,Sales,11,2024,36,95.2,20,0,0,0,1,21,7.2,0.1,63.01,56.52,63.91,MEDIUM,1
EMP1045,Sales,12,2024,37,95.0,19,0,0,0,1,20,7.4,0.4,63.91,57.67,62.1,MEDIUM,1
EMP1045,Sales,1,2025,38,91.3,21,1,1,0,1,23,7.5,0.7,62.1,56.28,59.85,HIGH,1
EMP1045,Sales,2,2025,39,94.7,18,1,4,0,0,19,7.6,0.5,59.85,58.24,53.45,HIGH,1
EMP1045,Sales,3,2025,40,100,20,0,0,1,0,20,7.3,0.4,53.45,59.82,62.27,MEDIUM,1
EMP1045,Sales,4,2025,41,100,20,0,3,0,0,20,7.5,0.4,62.27,58.29,63.36,MEDIUM,1
EMP1045,Sales,5,2025,42,90.5,19,0,0,1,2,21,7.1,0.4,63.36,57.51,59.77,HIGH,1
EMP1045,Sales,6,2025,43,100,20,0,2,0,0,20,7.5,0.2,59.77,58.28,64.85,MEDIUM,1
EMP1045,Sales,7,2025,44,82.6,19,3,2,1,1,23,7.2,0.0,64.85,55.82,47.24,HIGH,1
EMP1045,Sales,8,2025,45,85.0,17,1,1,2,2,20,7.1,0.5,47.24,57.91,51.58,HIGH,1
EMP1045,Sales,9,2025,46,90.5,19,2,0,0,0,21,7.4,0.2,51.58,59.46,57.74,HIGH,1
EMP1045,Sales,10,2025,47,95.7,22,1,3,1,0,23,7.3,0.5,57.74,59.39,57.84,HIGH,1
EMP1045,Sales,11,2025,48,95.0,19,0,2,0,1,20,7.3,0.1,57.84,59.12,56.73,HIGH,1
EMP1045,Sales,12,2025,49,95.5,21,0,1,0,1,22,7.3,0.6,56.73,54.09,58.37,HIGH,1
EMP1046,Sales,1,2024,61,82.6,19,1,2,0,3,23,7.3,0.4,61.81,59.78,53.15,HIGH,1
EMP1046,Sales,2,2024,62,95.0,19,1,1,0,0,20,7.5,0.2,53.15,59.03,59.8,HIGH,1
EMP1046,Sales,3,2024,63,90.5,19,0,0,1,2,21,7.4,0.7,59.8,58.98,59.04,HIGH,1
EMP1046,Sales,4,2024,64,94.7,18,1,1,0,0,19,7.5,0.0,59.04,57.84,58.21,HIGH,1
EMP1046,Sales,5,2024,65,90.9,20,2,0,0,0,22,7.6,0.6,58.21,57.48,56.42,HIGH,1
EMP1046,Sales,6,2024,66,100,18,0,1,0,0,18,7.5,0.5,56.42,57.74,61.21,MEDIUM,1
EMP1046,Sales,7,2024,67,95.5,21,0,2,0,1,22,7.4,0.6,61.21,57.75,62.39,MEDIUM,1
EMP1046,Sales,8,2024,68,85.7,18,2,0,2,1,21,7.1,0.2,62.39,54.86,51.9,HIGH,1
EMP1046,Sales,9,2024,69,90.0,18,0,1,1,2,20,7.2,0.2,51.9,54.79,57.22,HIGH,1
EMP1046,Sales,10,2024,70,100,23,0,2,1,0,23,7.3,0.4,57.22,56.21,58.16,HIGH,1
EMP1046,Sales,11,2024,71,100,21,0,3,0,0,21,7.5,0.7,58.16,56.52,58.26,HIGH,1
EMP1046,Sales,12,2024,72,95.0,19,0,1,0,1,20,7.4,0.4,58.26,57.67,64.26,MEDIUM,1
EMP1046,Sales,1,2025,73,87.0,20,2,2,1,1,23,7.2,0.3,64.26,56.28,52.23,HIGH,1
EMP1046,Sales,2,2025,74,89.5,17,0,1,0,2,19,7.4,0.4,52.23,58.24,56.22,HIGH,1
EMP1046,Sales,3,2025,75,95.0,19,1,1,0,0,20,7.4,0.2,56.22,59.82,58.39,HIGH,1
EMP1046,Sales,4,2025,76,80.0,16,3,2,0,1,20,7.3,0.2,58.39,58.29,45.29,HIGH,1
EMP1046,Sales,5,2025,77,95.2,20,1,1,0,0,21,7.5,0.8,45.29,57.51,59.92,HIGH,1
EMP1046,Sales,6,2025,78,95.0,19,0,2,0,1,20,7.3,0.6,59.92,58.28,61.02,MEDIUM,1
EMP1046,Sales,7,2025,79,95.7,22,0,0,1,1,23,7.2,0.5,61.02,55.82,60.13,MEDIUM,1
EMP1046,Sales,8,2025,80,100,20,0,0,2,0,20,7.2,0.7,60.13,57.91,63.13,MEDIUM,1
EMP1046,Sales,9,2025,81,90.5,19,0,1,0,2,21,7.3,0.3,63.13,59.46,61.28,MEDIUM,1
EMP1046,Sales,10,2025,82,95.7,22,0,2,0,1,23,7.6,1.6,61.28,59.39,63.91,MEDIUM,1
EMP1046,Sales,11,2025,83,100,20,0,4,1,0,20,7.3,0.7,63.91,59.12,56.53,HIGH,1
EMP1046,Sales,12,2025,84,77.3,17,1,0,1,4,22,7.0,0.0,56.53,54.09,49.03,HIGH,1
EMP1047,Sales,1,2024,54,91.3,21,1,2,0,1,23,7.6,0.5,61.22,59.78,55.29,HIGH,1
EMP1047,Sales,2,2024,55,100,20,0,0,1,0,20,7.2,0.0,55.29,59.03,64.41,MEDIUM,1
EMP1047,Sales,3,2024,56,90.5,19,0,3,0,2,21,7.4,0.1,64.41,58.98,56.51,HIGH,1
EMP1047,Sales,4,2024,57,100,19,0,0,1,0,19,7.2,0.6,56.51,57.84,62.8,MEDIUM,1
EMP1047,Sales,5,2024,58,95.5,21,1,2,0,0,22,7.6,0.8,62.8,57.48,59.84,HIGH,1
EMP1047,Sales,6,2024,59,94.4,17,0,0,1,1,18,7.2,0.1,59.84,57.74,62.83,MEDIUM,1
EMP1047,Sales,7,2024,60,90.9,20,0,2,2,2,22,7.2,0.5,62.83,57.75,56.5,HIGH,1
EMP1047,Sales,8,2024,61,81.0,17,2,3,0,2,21,7.4,0.2,56.5,54.86,50.98,HIGH,1
EMP1047,Sales,9,2024,62,95.0,19,1,2,0,0,20,7.3,0.3,50.98,54.79,54.47,HIGH,1
EMP1047,Sales,10,2024,63,87.0,20,3,1,4,0,23,6.7,0.3,54.47,56.21,43.32,HIGH,1
EMP1047,Sales,11,2024,64,85.7,18,2,2,1,1,21,7.1,0.4,43.32,56.52,43.64,HIGH,1
EMP1047,Sales,12,2024,65,95.0,19,1,1,1,0,20,7.2,0.0,43.64,57.67,56.38,HIGH,1
EMP1047,Sales,1,2025,66,82.6,19,3,0,1,1,23,7.0,0.3,56.38,56.28,49.59,HIGH,1
EMP1047,Sales,2,2025,67,94.7,18,0,2,1,1,19,7.2,0.6,49.59,58.24,53.39,HIGH,1
EMP1047,Sales,3,2025,68,85.0,17,2,0,0,1,20,7.4,0.4,53.39,59.82,55.56,HIGH,1
EMP1047,Sales,4,2025,69,100,20,0,1,0,0,20,7.4,0.4,55.56,58.29,63.74,MEDIUM,1
EMP1047,Sales,5,2025,70,95.2,20,1,2,0,0,21,7.4,0.4,63.74,57.51,56.99,HIGH,1
EMP1047,Sales,6,2025,71,90.0,18,1,0,0,1,20,7.5,0.6,56.99,58.28,60.47,MEDIUM,1
EMP1047,Sales,7,2025,72,87.0,20,0,2,2,3,23,7.1,0.3,60.47,55.82,53.55,HIGH,1
EMP1047,Sales,8,2025,73,85.0,17,1,1,1,2,20,7.2,0.2,53.55,57.91,54.02,HIGH,1
EMP1047,Sales,9,2025,74,95.2,20,0,2,1,1,21,7.3,0.9,54.02,59.46,58.38,HIGH,1
EMP1047,Sales,10,2025,75,100,23,0,3,0,0,23,7.3,0.4,58.38,59.39,59.98,HIGH,1
EMP1047,Sales,11,2025,76,90.0,18,2,3,0,0,20,7.3,0.6,59.98,59.12,54.84,HIGH,1
EMP1047,Sales,12,2025,77,86.4,19,1,0,2,2,22,7.2,0.7,54.84,54.09,54.31,HIGH,1
EMP1048,Sales,1,2024,56,82.6,19,2,1,1,2,23,7.2,0.0,72.17,59.78,56.2,HIGH,0
EMP1048,Sales,2,2024,57,85.0,17,2,0,0,1,20,7.6,0.5,56.2,59.03,53.7,HIGH,1
EMP1048,Sales,3,2024,58,85.7,18,1,0,0,2,21,7.7,1.0,53.7,58.98,55.96,HIGH,1
EMP1048,Sales,4,2024,59,89.5,17,0,3,0,2,19,7.5,0.4,55.96,57.84,57.09,HIGH,1
EMP1048,Sales,5,2024,60,90.9,20,1,1,1,1,22,7.5,1.0,57.09,57.48,57.86,HIGH,1
EMP1048,Sales,6,2024,61,88.9,16,1,2,0,1,18,7.3,0.3,57.86,57.74,53.1,HIGH,1
EMP1048,Sales,7,2024,62,90.9,20,1,2,1,1,22,7.3,0.8,53.1,57.75,52.58,HIGH,1
EMP1048,Sales,8,2024,63,90.5,19,1,1,1,1,21,7.3,1.0,52.58,54.86,54.25,HIGH,1
EMP1048,Sales,9,2024,64,95.0,19,0,1,0,1,20,7.7,1.0,54.25,54.79,61.75,MEDIUM,1
EMP1048,Sales,10,2024,65,91.3,21,2,4,1,0,23,7.3,0.7,61.75,56.21,50.02,HIGH,1
EMP1048,Sales,11,2024,66,95.2,20,1,1,0,0,21,7.4,0.5,50.02,56.52,58.15,HIGH,1
EMP1048,Sales,12,2024,67,95.0,19,0,0,0,1,20,7.4,0.0,58.15,57.67,60.79,MEDIUM,1
EMP1048,Sales,1,2025,68,95.7,22,1,1,1,0,23,7.3,0.3,60.79,56.28,59.08,HIGH,1
EMP1048,Sales,2,2025,69,100,19,0,4,0,0,19,7.4,0.5,59.08,58.24,62.32,MEDIUM,1
EMP1048,Sales,3,2025,70,95.0,19,1,1,1,0,20,7.2,0.1,62.32,59.82,61.85,MEDIUM,1
EMP1048,Sales,4,2025,71,100,20,0,1,0,0,20,7.3,0.3,61.85,58.29,62.25,MEDIUM,1
EMP1048,Sales,5,2025,72,81.0,17,3,1,1,1,21,7.2,0.4,62.25,57.51,52.14,HIGH,1
EMP1048,Sales,6,2025,73,90.0,18,2,2,2,0,20,7.2,0.4,52.14,58.28,49.41,HIGH,1
EMP1048,Sales,7,2025,74,82.6,19,1,0,1,3,23,7.4,0.6,49.41,55.82,48.9,HIGH,1
EMP1048,Sales,8,2025,75,90.0,18,1,2,0,1,20,7.3,0.2,48.9,57.91,54.05,HIGH,1
EMP1048,Sales,9,2025,76,90.5,19,1,2,0,1,21,7.4,0.3,54.05,59.46,57.63,HIGH,1
EMP1048,Sales,10,2025,77,95.7,22,1,3,0,0,23,7.6,0.3,57.63,59.39,56.9,HIGH,1
EMP1048,Sales,11,2025,78,85.0,17,1,0,0,2,20,7.5,0.2,56.9,59.12,59.01,HIGH,1
EMP1048,Sales,12,2025,79,90.9,20,0,0,0,2,22,7.5,0.3,59.01,54.09,59.39,HIGH,1
EMP1049,Sales,1,2024,29,82.6,19,2,1,1,2,23,7.1,0.3,82.87,59.78,54.67,HIGH,0
EMP1049,Sales,2,2024,30,85.0,17,1,0,1,2,20,7.3,0.6,54.67,59.03,57.07,HIGH,1
EMP1049,Sales,3,2024,31,90.5,19,2,2,1,0,21,7.1,0.4,57.07,58.98,51.81,HIGH,1
EMP1049,Sales,4,2024,32,94.7,18,0,1,1,1,19,7.5,0.6,51.81,57.84,56.78,HIGH,1
EMP1049,Sales,5,2024,33,90.9,20,0,0,1,2,22,7.2,0.4,56.78,57.48,56.44,HIGH,1
EMP1049,Sales,6,2024,34,94.4,17,0,2,0,1,18,7.4,0.3,56.44,57.74,62.17,MEDIUM,1
EMP1049,Sales,7,2024,35,86.4,19,2,1,0,1,22,7.5,0.7,62.17,57.75,55.63,HIGH,1
EMP1049,Sales,8,2024,36,100,21,0,3,1,0,21,7.2,0.4,55.63,54.86,56.83,HIGH,1
EMP1049,Sales,9,2024,37,90.0,18,2,2,0,0,20,7.6,1.0,56.83,54.79,55.61,HIGH,1
EMP1049,Sales,10,2024,38,91.3,21,0,2,2,2,23,7.2,0.4,55.61,56.21,55.44,HIGH,1
EMP1049,Sales,11,2024,39,85.7,18,1,3,2,2,21,6.9,0.1,55.44,56.52,45.01,HIGH,1
EMP1049,Sales,12,2024,40,95.0,19,0,0,4,1,20,6.8,0.3,45.01,57.67,51.6,HIGH,1
EMP1049,Sales,1,2025,41,87.0,20,2,0,0,1,23,7.3,0.6,51.6,56.28,54.98,HIGH,1
EMP1049,Sales,2,2025,42,94.7,18,0,0,0,1,19,7.4,0.2,54.98,58.24,62.43,MEDIUM,1
EMP1049,Sales,3,2025,43,95.0,19,0,2,0,1,20,7.8,0.9,62.43,59.82,62.81,MEDIUM,1
EMP1049,Sales,4,2025,44,90.0,18,1,0,0,1,20,7.6,0.4,62.81,58.29,61.8,MEDIUM,1
EMP1049,Sales,5,2025,45,90.5,19,1,1,1,1,21,7.3,0.6,61.8,57.51,55.14,HIGH,1
EMP1049,Sales,6,2025,46,100,20,0,1,2,0,20,7.0,0.1,55.14,58.28,56.86,HIGH,1
EMP1049,Sales,7,2025,47,95.7,22,0,1,0,1,23,7.4,0.7,56.86,55.82,59.84,HIGH,1
EMP1049,Sales,8,2025,48,100,20,0,2,0,0,20,7.4,0.5,59.84,57.91,63.28,MEDIUM,1
EMP1049,Sales,9,2025,49,100,21,0,0,0,0,21,7.4,0.8,63.28,59.46,64.79,MEDIUM,1
EMP1049,Sales,10,2025,50,100,23,0,2,0,0,23,7.5,0.8,64.79,59.39,64.03,MEDIUM,1
EMP1049,Sales,11,2025,51,95.0,19,0,1,1,1,20,7.0,0.0,64.03,59.12,58.08,HIGH,1
EMP1049,Sales,12,2025,52,90.9,20,2,5,0,0,22,7.3,0.2,58.08,54.09,49.32,HIGH,1
EMP1050,Sales,1,2024,28,100,23,0,1,0,0,23,7.5,0.9,70.55,59.78,69.6,MEDIUM,0
EMP1050,Sales,2,2024,29,90.0,18,1,2,1,1,20,7.2,0.3,69.6,59.03,56.13,HIGH,0
EMP1050,Sales,3,2024,30,90.5,19,0,1,0,2,21,7.6,0.3,56.13,58.98,58.84,HIGH,1
EMP1050,Sales,4,2024,31,100,19,0,1,0,0,19,7.5,0.4,58.84,57.84,65.81,MEDIUM,0
EMP1050,Sales,5,2024,32,90.9,20,1,2,0,1,22,7.4,0.2,65.81,57.48,55.79,HIGH,0
EMP1050,Sales,6,2024,33,77.8,14,1,0,2,3,18,6.9,0.5,55.79,57.74,49.98,HIGH,1
EMP1050,Sales,7,2024,34,81.8,18,1,0,2,3,22,7.1,0.4,49.98,57.75,50.66,HIGH,1
EMP1050,Sales,8,2024,35,100,21,0,2,1,0,21,7.3,0.0,50.66,54.86,60.05,MEDIUM,1
EMP1050,Sales,9,2024,36,85.0,17,2,0,1,1,20,7.4,0.4,60.05,54.79,55.55,HIGH,1
EMP1050,Sales,10,2024,37,100,23,0,1,1,0,23,7.2,0.0,55.55,56.21,60.86,MEDIUM,1
EMP1050,Sales,11,2024,38,95.2,20,0,1,0,1,21,7.4,0.0,60.86,56.52,59.34,HIGH,1
EMP1050,Sales,12,2024,39,100,20,0,0,0,0,20,7.4,0.1,59.34,57.67,64.4,MEDIUM,1
EMP1050,Sales,1,2025,40,87.0,20,1,2,3,2,23,6.8,0.0,64.4,56.28,50.93,HIGH,1
EMP1050,Sales,2,2025,41,84.2,16,0,1,0,3,19,7.3,0.1,50.93,58.24,56.3,HIGH,1
EMP1050,Sales,3,2025,42,95.0,19,0,2,3,1,20,6.9,0.2,56.3,59.82,51.14,HIGH,1
EMP1050,Sales,4,2025,43,95.0,19,0,3,0,1,20,7.6,1.1,51.14,58.29,56.16,HIGH,1
EMP1050,Sales,5,2025,44,90.5,19,0,1,1,2,21,7.5,0.8,56.16,57.51,54.95,HIGH,1
EMP1050,Sales,6,2025,45,90.0,18,1,2,1,1,20,7.1,0.2,54.95,58.28,51.74,HIGH,1
EMP1050,Sales,7,2025,46,87.0,20,0,0,2,3,23,7.0,0.5,51.74,55.82,56.06,HIGH,1
EMP1050,Sales,8,2025,47,90.0,18,0,0,1,2,20,7.2,0.4,56.06,57.91,55.94,HIGH,1
EMP1050,Sales,9,2025,48,90.5,19,2,1,0,0,21,7.3,0.2,55.94,59.46,55.13,HIGH,1
EMP1050,Sales,10,2025,49,95.7,22,0,2,0,1,23,7.4,0.3,55.13,59.39,59.19,HIGH,1
EMP1050,Sales,11,2025,50,90.0,18,1,2,0,1,20,7.4,0.2,59.19,59.12,56.55,HIGH,1
EMP1050,Sales,12,2025,51,95.5,21,1,0,1,0,22,7.4,0.7,56.55,54.09,57.16,HIGH,1
