attendanceRate,lateCount,absenceCount,leaveCount,averageWorkingHours,previousPerformanceScore,departmentAverage,overtimeHours,halfDayCount,performanceScore
87.0,2,1,2,11.2,78.65,72.56,67.4,1,68.86
100,1,0,0,11.6,68.86,72.76,72.4,0,75.65
95.2,3,0,1,11.6,75.65,69.15,71.5,0,74.02
94.7,0,1,0,11.0,74.02,70.12,58.8,1,73.2
90.9,1,1,1,11.7,73.2,69.93,73.2,0,73.44
94.4,2,0,1,11.3,73.44,68.86,56.4,0,70.72
86.4,3,1,2,11.2,70.72,66.85,64.6,1,63.98
95.2,0,1,0,11.1,63.98,70.84,65.3,1,72.56
95.0,2,1,0,11.5,72.56,71.21,66.6,0,70.47
100,4,0,0,11.4,70.47,70.81,78.7,0,72.54
95.2,3,0,1,11.0,72.54,70.31,63.7,1,67.85
90.0,0,1,1,11.8,67.85,69.81,67.7,0,71.03
95.7,3,0,1,10.6,71.03,68.73,64.4,2,68.41
100,2,0,0,11.4,68.41,70.97,64.7,0,71.34
90.0,0,1,1,10.6,71.34,71.74,54.8,2,69.3
95.0,1,0,1,11.5,69.3,69.84,66.6,0,70.97
90.5,0,0,2,10.7,70.97,71.26,59.4,2,70.78
100,1,0,0,11.2,70.78,69.95,68.2,1,72.56
87.0,1,1,2,11.3,72.56,67.75,70.1,1,65.89
95.0,0,0,1,11.0,65.89,70.94,60.7,1,70.81
100,2,0,0,11.5,70.81,68.8,74.5,0,74.61
100,2,0,0,11.0,74.61,68.8,71.9,1,73.32
90.0,1,2,0,11.7,73.32,70.33,67.3,0,69.85
86.4,1,1,2,11.7,69.85,68.85,70.5,0,69.62
87.0,0,1,2,11.1,80.02,72.56,66.9,1,69.42
90.0,0,1,1,10.3,69.42,72.76,54.2,3,68.1
95.2,4,1,0,11.2,68.1,69.15,69.1,1,64.51
94.7,1,1,0,11.4,64.51,70.12,66.1,1,66.03
95.5,3,0,1,11.3,66.03,69.93,73.2,1,66.71
100,2,0,0,11.1,66.71,68.86,59.2,1,69.77
95.5,1,0,1,11.2,69.77,66.85,71.0,1,70.27
95.2,2,0,1,11.3,70.27,70.84,69.8,1,69.57
95.0,3,0,1,10.6,69.57,71.21,56.6,2,65.14
87.0,5,2,1,11.4,65.14,70.81,68.9,0,60.97
95.2,1,0,1,10.9,60.97,70.31,66.4,2,68.39
90.0,3,0,2,10.4,68.39,69.81,51.3,2,65.09
91.3,5,1,1,11.2,65.09,68.73,70.0,1,61.58
94.7,1,1,0,11.3,61.58,70.97,64.0,1,69.01
100,2,0,0,11.2,69.01,71.74,69.0,1,70.66
95.0,2,1,0,11.0,70.66,69.84,64.4,2,66.15
100,4,0,0,11.3,66.15,71.26,69.9,0,70.93
95.0,2,1,0,11.2,70.93,69.95,64.8,1,71.55
100,4,0,0,11.1,71.55,67.75,74.7,1,68.74
95.0,2,1,0,11.9,68.74,70.94,73.6,0,67.88
90.5,1,0,2,11.6,67.88,68.8,72.6,1,66.96
100,2,0,0,11.5,66.96,68.8,79.7,0,74.87
100,2,0,0,11.4,74.87,70.33,68.0,0,75.11
90.9,1,0,2,10.8,75.11,68.85,60.0,1,70.75
95.7,2,1,0,11.5,86.1,72.56,76.9,0,74.82
100,2,0,0,11.6,74.82,72.76,72.3,0,76.94
95.2,2,1,0,10.6,76.94,69.15,64.4,3,68.1
89.5,2,0,2,11.3,68.1,70.12,56.6,0,70.44
90.9,4,0,2,11.7,70.44,69.93,73.7,0,67.3
94.4,0,0,1,11.3,67.3,68.86,60.0,1,72.64
81.8,3,2,2,11.6,72.64,66.85,65.0,0,62.25
90.5,2,0,2,11.2,62.25,70.84,64.2,1,67.66
90.0,0,1,1,11.5,67.66,71.21,66.9,1,66.25
91.3,2,1,1,11.0,66.25,70.81,66.5,1,64.15
100,2,0,0,11.2,64.15,70.31,71.8,1,74.0
80.0,1,0,4,11.8,74.0,69.81,61.4,0,68.78
95.7,1,0,1,11.4,68.78,68.73,74.7,0,73.61
94.7,1,0,1,10.7,73.61,70.97,52.7,1,73.39
100,2,0,0,11.4,73.39,71.74,67.9,0,77.59
90.0,0,1,1,11.1,77.59,69.84,59.8,1,74.31
85.7,1,2,1,11.8,74.31,71.26,68.9,0,68.68
90.0,1,1,1,11.8,68.68,69.95,67.5,0,71.04
91.3,3,1,1,11.2,71.04,67.75,72.0,1,63.09
95.0,1,1,0,11.4,63.09,70.94,64.5,0,72.39
90.5,1,2,0,11.2,72.39,68.8,64.3,1,68.14
91.3,2,1,1,11.3,68.14,68.8,70.2,0,69.94
85.0,1,2,1,11.3,69.94,70.33,60.7,1,62.81
90.9,1,1,1,11.5,62.81,68.85,73.3,1,64.43
91.3,2,1,1,10.7,84.17,72.56,64.1,2,70.9
95.0,1,0,1,11.7,70.9,72.76,71.1,0,72.61
95.2,2,0,1,11.2,72.61,69.15,67.8,1,68.28
89.5,0,0,2,11.5,68.28,70.12,60.2,0,73.22
100,1,0,0,11.5,73.22,69.93,80.0,1,76.06
94.4,1,1,0,11.3,76.06,68.86,60.5,1,71.01
95.5,3,0,1,11.6,71.01,66.85,76.5,0,72.16
90.5,1,0,2,10.9,72.16,70.84,58.3,1,67.71
100,2,0,0,11.6,67.71,71.21,72.9,0,72.15
91.3,1,0,2,11.9,72.15,70.81,81.7,0,70.56
95.2,0,0,1,11.2,70.56,70.31,68.5,1,74.49
85.0,0,1,2,11.5,74.49,69.81,62.6,1,70.14
95.7,1,0,1,11.3,70.14,68.73,76.2,1,74.23
89.5,1,1,1,11.6,74.23,70.97,61.5,0,68.54
100,1,0,0,11.6,68.54,71.74,72.6,0,76.22
100,1,0,0,11.5,76.22,69.84,70.8,0,79.47
100,1,0,0,11.9,79.47,71.26,81.2,0,75.49
80.0,1,2,2,11.7,75.49,69.95,59.3,0,63.98
91.3,1,0,2,10.8,63.98,67.75,66.7,2,66.57
95.0,1,1,0,11.6,66.57,70.94,67.9,0,71.0
90.5,0,1,1,10.6,71.0,68.8,60.8,3,65.12
91.3,2,0,2,11.8,65.12,68.8,78.8,0,69.43
90.0,3,1,1,10.9,69.43,70.33,59.7,2,63.09
95.5,1,1,0,11.8,63.09,68.85,78.8,0,71.96
100,1,0,0,10.7,74.18,72.56,69.9,2,74.62
100,1,0,0,11.7,74.62,72.76,74.6,0,79.88
95.2,2,1,0,10.5,79.88,69.15,62.2,3,71.19
94.7,0,1,0,11.5,71.19,70.12,63.3,0,72.66
95.5,4,0,1,10.9,72.66,69.93,69.7,2,69.83
88.9,2,2,0,11.2,69.83,68.86,51.9,0,69.07
90.9,1,0,2,10.7,69.07,66.85,62.6,2,68.02
90.5,0,0,2,11.6,68.02,70.84,68.3,0,73.54
95.0,1,1,0,11.1,73.54,71.21,62.8,1,69.52
95.7,2,0,1,11.8,69.52,70.81,82.7,0,70.33
85.7,1,1,2,11.1,70.33,70.31,60.3,1,66.24
90.0,2,0,2,11.7,66.24,69.81,66.6,0,69.66
100,2,0,0,11.0,69.66,68.73,76.1,2,71.89
89.5,0,1,1,11.6,71.89,70.97,61.8,0,72.75
100,2,0,0,11.4,72.75,71.74,71.5,1,76.4
100,3,0,0,11.5,76.4,69.84,70.0,0,72.78
95.2,1,1,0,10.8,72.78,71.26,64.0,2,70.31
95.0,3,0,1,11.5,70.31,69.95,65.6,0,73.37
78.3,2,1,4,11.1,73.37,67.75,60.5,1,62.0
100,3,0,0,11.4,62.0,70.94,67.0,0,71.61
90.5,1,0,2,11.5,71.61,68.8,65.9,0,70.12
91.3,1,1,1,11.4,70.12,68.8,70.9,0,69.22
95.0,1,1,0,11.7,69.22,70.33,70.6,0,73.81
81.8,1,2,2,11.6,73.81,68.85,65.1,0,67.0
91.3,0,0,2,11.8,73.88,72.56,79.1,0,75.45
100,2,0,0,11.5,75.45,72.76,70.0,0,76.92
100,1,0,0,11.6,76.92,69.15,75.3,0,74.71
100,0,0,0,11.5,74.71,70.12,66.2,0,76.99
90.9,0,0,2,12.1,76.99,69.93,82.0,0,72.86
94.4,1,0,1,10.7,72.86,68.86,54.0,2,71.4
95.5,0,0,1,10.6,71.4,66.85,66.2,3,69.23
90.5,0,1,1,11.5,69.23,70.84,65.9,0,72.26
100,0,0,0,11.6,72.26,71.21,71.5,0,78.09
100,1,0,0,11.9,78.09,70.81,89.2,0,79.76
95.2,0,0,1,10.5,79.76,70.31,62.0,3,72.16
85.0,1,0,3,11.6,72.16,69.81,60.6,0,71.21
95.7,1,0,1,11.8,71.21,68.73,83.6,0,75.74
89.5,1,0,2,11.5,75.74,70.97,58.9,0,74.82
100,0,0,0,11.5,74.82,71.74,70.2,0,76.58
85.0,1,0,3,11.5,76.58,69.84,59.1,0,71.81
90.5,0,1,1,11.1,71.81,71.26,62.1,1,73.05
100,0,0,0,11.6,73.05,69.95,72.1,0,75.47
95.7,0,0,1,11.0,75.47,67.75,70.8,1,76.14
100,0,0,0,11.6,76.14,70.94,72.2,0,78.13
100,1,0,0,11.5,78.13,68.8,73.7,0,75.41
95.7,1,0,1,11.5,75.41,68.8,76.9,0,76.99
100,1,0,0,11.4,76.99,70.33,68.9,0,76.81
100,1,0,0,11.7,76.81,68.85,81.4,0,79.83
95.7,4,1,0,11.0,84.27,72.56,73.2,2,69.29
90.0,1,1,1,10.2,69.29,72.76,51.8,3,67.79
90.5,2,1,1,10.8,67.79,69.15,60.9,2,62.31
94.7,1,1,0,11.2,62.31,70.12,62.3,1,69.82
95.5,5,0,1,11.7,69.82,69.93,77.6,0,69.28
88.9,2,2,0,10.7,69.28,68.86,50.0,2,66.0
100,3,0,0,11.3,66.0,66.85,77.3,1,71.15
90.5,2,1,1,10.8,71.15,70.84,61.0,2,68.58
100,1,0,0,11.5,68.58,71.21,70.1,0,75.32
100,0,0,0,11.2,75.32,70.81,77.4,1,77.78
90.5,2,2,0,11.3,77.78,70.31,63.1,0,71.23
90.0,0,1,1,11.8,71.23,69.81,68.5,0,73.55
91.3,0,0,2,11.4,73.55,68.73,74.4,1,74.12
100,1,0,0,11.0,74.12,70.97,60.6,1,73.31
95.0,6,0,1,10.9,73.31,71.74,59.3,1,65.89
85.0,3,2,1,11.2,65.89,69.84,54.5,0,59.18
100,1,0,0,10.6,59.18,71.26,63.3,2,70.82
95.0,2,0,1,11.1,70.82,69.95,63.0,1,70.8
91.3,3,2,0,11.0,70.8,67.75,71.8,2,64.24
90.0,1,2,0,11.5,64.24,70.94,67.2,1,67.45
100,5,0,0,11.0,67.45,68.8,67.5,1,68.73
91.3,2,2,0,10.0,68.73,68.8,58.2,4,63.68
100,1,0,0,11.4,63.68,70.33,72.3,1,72.38
72.7,2,3,3,11.4,72.38,68.85,53.8,0,58.72
100,1,0,0,11.5,67.81,72.56,81.5,0,76.95
85.0,1,2,1,11.5,76.95,72.76,60.3,0,65.33
90.5,3,2,0,11.8,65.33,69.15,71.4,0,62.89
100,4,0,0,11.0,62.89,70.12,60.8,1,68.26
86.4,2,3,0,11.6,68.26,69.93,68.6,0,63.87
94.4,0,0,1,11.5,63.87,68.86,63.5,1,72.4
77.3,0,4,1,11.5,72.4,66.85,59.6,0,61.32
100,1,0,0,11.2,61.32,70.84,72.0,1,72.73
85.0,1,2,1,11.7,72.73,71.21,62.8,0,68.05
100,3,0,0,11.0,68.05,70.81,73.9,1,70.61
100,1,0,0,11.6,70.61,70.31,76.5,0,73.65
95.0,3,0,1,11.2,73.65,69.81,64.0,1,72.79
91.3,2,2,0,10.9,72.79,68.73,64.8,1,63.43
89.5,1,2,0,11.8,63.43,70.97,65.0,0,65.11
90.0,1,2,0,11.4,65.11,71.74,60.7,0,64.49
95.0,1,0,1,11.7,64.49,69.84,69.7,0,71.28
85.7,1,1,2,10.6,71.28,71.26,55.1,2,63.83
95.0,1,0,1,11.8,63.83,69.95,71.8,0,73.42
100,3,0,0,11.4,73.42,67.75,78.7,0,76.61
95.0,2,0,1,11.5,76.61,70.94,66.3,0,73.01
95.2,0,0,1,11.3,73.01,68.8,67.0,0,75.41
91.3,2,1,1,11.4,75.41,68.8,71.9,0,71.9
95.0,2,0,1,11.5,71.9,70.33,71.1,1,70.67
95.5,1,1,0,11.3,70.67,68.85,74.1,1,72.75
95.7,2,1,0,11.6,89.61,72.56,78.7,0,76.91
95.0,3,1,0,11.6,76.91,72.76,68.5,0,72.58
90.5,3,1,1,11.7,72.58,69.15,70.0,0,65.76
84.2,0,1,2,11.3,65.76,70.12,56.5,1,65.63
95.5,4,0,1,11.7,65.63,69.93,77.3,0,70.91
88.9,2,1,1,11.5,70.91,68.86,56.3,0,68.31
90.9,3,1,1,10.7,68.31,66.85,63.3,2,65.27
95.2,1,1,0,10.7,65.27,70.84,61.9,2,70.68
90.0,2,0,2,10.9,70.68,71.21,55.8,1,66.08
87.0,3,1,2,10.9,66.08,70.81,62.4,1,64.03
81.0,1,4,0,10.7,64.03,70.31,53.5,2,53.78
100,3,0,0,10.7,53.78,69.81,61.1,2,65.89
82.6,2,2,2,10.6,65.89,68.73,56.8,2,55.89
89.5,1,1,1,11.5,55.89,70.97,60.0,0,67.82
95.0,5,1,0,10.9,67.82,71.74,62.0,2,62.51
95.0,4,1,0,10.5,62.51,69.84,55.9,2,62.89
95.2,0,0,1,11.5,62.89,71.26,70.7,0,71.72
80.0,4,2,2,11.1,71.72,69.95,53.1,1,58.24
82.6,2,1,3,10.8,58.24,67.75,57.4,1,61.53
90.0,2,2,0,11.3,61.53,70.94,63.6,1,62.49
90.5,3,2,0,11.8,62.49,68.8,72.0,0,61.28
100,3,0,0,11.3,61.28,68.8,79.3,1,67.51
95.0,4,0,1,10.6,67.51,70.33,57.3,2,66.58
90.9,1,1,1,11.7,66.58,68.85,74.7,0,69.86
100,2,0,0,11.8,60.24,72.56,87.0,0,73.53
100,2,0,0,11.6,73.53,72.76,71.8,0,77.19
100,0,0,0,11.7,77.19,69.15,77.9,0,81.96
100,0,0,0,11.2,81.96,70.12,65.0,1,79.26
100,0,0,0,10.4,79.26,69.93,64.8,3,75.93
83.3,0,0,3,11.0,75.93,68.86,48.3,1,69.17
86.4,0,1,2,11.5,69.17,66.85,66.9,0,68.77
100,0,0,0,11.6,68.77,70.84,75.3,0,76.21
100,1,0,0,11.1,76.21,71.21,66.4,1,75.76
100,2,0,0,11.5,75.76,70.81,81.1,0,77.42
90.5,1,0,2,11.8,77.42,70.31,72.4,0,73.77
95.0,1,1,0,11.7,73.77,69.81,70.2,0,73.82
100,2,0,0,11.1,73.82,68.73,76.0,1,70.98
100,0,0,0,11.7,70.98,70.97,69.5,0,75.04
100,0,0,0,11.8,75.04,71.74,76.3,0,79.52
90.0,0,0,2,11.5,79.52,69.84,63.3,0,74.36
100,0,0,0,11.8,74.36,71.26,79.5,0,77.97
90.0,1,1,1,11.0,77.97,69.95,58.8,1,70.49
95.7,1,0,1,11.5,70.49,67.75,77.4,0,71.68
95.0,0,0,1,11.5,71.68,70.94,65.7,0,74.4
90.5,0,1,1,11.8,74.4,68.8,72.3,0,73.35
87.0,1,1,2,11.4,73.35,68.8,68.8,0,69.77
100,1,0,0,11.5,69.77,70.33,69.0,0,73.77
100,2,0,0,11.3,73.77,68.85,73.2,0,74.25
100,1,0,0,11.2,65.71,72.56,77.5,1,73.03
90.0,2,0,2,11.4,73.03,72.76,61.4,0,67.37
90.5,0,1,1,11.1,67.37,69.15,63.6,1,71.2
89.5,0,1,1,10.6,71.2,70.12,51.4,2,66.01
90.9,2,1,1,11.5,66.01,69.93,70.0,0,68.55
77.8,1,2,2,11.0,68.55,68.86,45.9,1,62.12
95.5,0,0,1,10.7,62.12,66.85,64.3,2,72.08
100,2,0,0,11.3,72.08,70.84,72.9,1,75.66
95.0,2,0,1,11.4,75.66,71.21,65.0,0,74.59
95.7,3,0,1,11.2,74.59,70.81,74.2,1,71.8
95.2,0,1,0,11.7,71.8,70.31,75.0,0,71.8
80.0,0,0,4,10.9,71.8,69.81,54.6,2,66.62
91.3,2,1,1,11.5,66.62,68.73,73.4,0,68.87
94.7,0,1,0,11.2,68.87,70.97,61.4,1,72.07
95.0,1,0,1,11.6,72.07,71.74,68.5,0,71.04
100,2,0,0,11.5,71.04,69.84,70.5,0,72.05
95.2,1,0,1,11.2,72.05,71.26,68.0,1,70.05
100,2,0,0,10.7,70.05,69.95,62.4,2,74.42
87.0,1,2,1,11.6,74.42,67.75,72.8,0,64.78
95.0,1,0,1,10.7,64.78,70.94,59.0,2,66.59
85.7,2,0,3,11.4,66.59,68.8,60.5,0,64.83
82.6,2,1,3,11.4,64.83,68.8,68.0,1,58.96
95.0,1,1,0,11.9,58.96,70.33,74.3,0,71.03
90.9,3,1,1,10.9,71.03,68.85,67.0,2,65.49
95.7,1,1,0,11.2,61.89,72.56,73.9,1,66.98
95.0,1,1,0,11.7,66.98,72.76,71.1,0,72.79
90.5,3,0,2,10.9,72.79,69.15,59.0,1,64.92
84.2,3,2,1,11.3,64.92,70.12,53.2,0,59.91
90.9,2,0,2,11.4,59.91,69.93,68.9,0,64.4
88.9,1,2,0,11.5,64.4,68.86,56.5,0,63.77
86.4,3,2,1,11.2,63.77,66.85,65.0,1,57.66
90.5,2,1,1,10.7,57.66,70.84,59.7,2,62.87
95.0,0,0,1,11.5,62.87,71.21,66.0,0,73.15
95.7,3,1,0,10.8,73.15,70.81,69.7,2,69.76
100,2,0,0,11.3,69.76,70.31,69.9,0,76.36
90.0,1,0,2,11.2,76.36,69.81,62.0,1,69.2
91.3,3,2,0,11.6,69.2,68.73,75.6,0,65.97
94.7,1,0,1,10.4,65.97,70.97,55.5,3,68.46
95.0,0,1,0,11.7,68.46,71.74,69.6,0,70.66
90.0,2,2,0,11.3,70.66,69.84,62.7,1,62.8
100,1,0,0,11.6,62.8,71.26,76.4,0,71.54
90.0,4,1,1,11.2,71.54,69.95,61.9,1,64.0
100,1,0,0,11.1,64.0,67.75,75.9,1,71.69
100,3,0,0,11.5,71.69,70.94,70.2,0,75.5
85.7,3,2,1,11.0,75.5,68.8,58.5,1,61.7
87.0,4,1,2,11.6,61.7,68.8,72.2,0,60.06
90.0,1,1,1,11.3,60.06,70.33,64.0,1,68.08
86.4,3,0,3,10.8,68.08,68.85,57.7,1,61.5
95.7,3,1,0,9.0,87.26,70.55,26.7,1,69.48
95.0,4,0,1,9.1,69.48,68.9,21.3,0,69.09
100,1,0,0,9.2,69.09,69.97,26.1,0,76.76
100,1,0,0,8.6,76.76,67.51,19.8,2,68.97
95.5,1,0,1,8.9,68.97,65.55,23.1,1,68.45
88.9,1,1,1,8.6,68.45,66.05,14.0,1,62.14
90.9,0,0,2,8.9,62.14,63.19,21.5,1,66.88
76.2,2,3,2,8.4,66.88,63.39,14.3,2,50.8
100,3,0,0,9.0,50.8,68.54,20.3,0,66.58
100,3,0,0,8.9,66.58,68.76,21.5,0,72.62
90.5,2,1,1,8.3,72.62,66.97,14.2,2,62.82
90.0,0,1,1,9.0,62.82,66.02,17.2,0,66.2
100,2,0,0,9.2,66.2,65.43,27.1,0,68.93
94.7,0,0,1,8.6,68.93,66.47,18.8,2,68.37
100,4,0,0,8.7,68.37,66.37,17.3,1,67.46
95.0,1,0,1,8.7,67.46,68.69,17.3,1,67.22
95.2,1,0,1,9.2,67.22,65.59,23.9,0,70.09
90.0,0,1,1,8.8,70.09,64.84,13.9,0,70.83
82.6,0,3,1,8.9,70.83,64.25,17.9,0,65.07
95.0,1,0,1,9.0,65.07,64.33,18.3,0,68.89
95.2,0,1,0,9.2,68.89,66.89,23.3,0,72.26
95.7,2,1,0,9.0,72.26,64.32,22.4,0,66.74
100,2,0,0,9.1,66.74,65.23,21.1,0,73.34
90.9,2,0,2,9.0,73.34,67.01,21.0,0,70.61
91.3,0,1,1,8.8,80.83,70.55,21.9,1,67.71
95.0,3,1,0,9.0,67.71,68.9,18.9,0,66.43
95.2,2,0,1,9.2,66.43,69.97,24.4,0,69.35
100,2,0,0,8.5,69.35,67.51,18.1,2,67.37
86.4,2,1,2,9.1,67.37,65.55,21.5,0,64.98
94.4,2,1,0,8.9,64.98,66.05,19.1,1,67.25
86.4,2,2,1,8.5,67.25,63.19,18.1,2,60.27
90.5,0,0,2,9.0,60.27,63.39,19.4,0,66.64
100,1,0,0,9.1,66.64,68.54,22.0,0,73.23
91.3,2,1,1,8.9,73.23,68.76,18.9,0,65.33
95.2,1,1,0,8.8,65.33,66.97,20.1,1,68.95
95.0,0,1,0,9.1,68.95,66.02,20.8,0,70.92
91.3,0,1,1,8.8,70.92,65.43,24.1,2,64.99
100,1,0,0,9.1,64.99,66.47,20.6,0,72.61
90.0,1,1,1,8.9,72.61,66.37,16.1,0,66.05
95.0,2,0,1,9.0,66.05,68.69,19.1,0,67.36
90.5,0,2,0,9.1,67.36,65.59,20.9,0,69.09
95.0,1,1,0,9.1,69.09,64.84,20.9,0,68.31
91.3,3,2,0,8.7,68.31,64.25,23.5,2,57.95
95.0,0,1,0,9.1,57.95,64.33,21.8,0,68.26
95.2,0,0,1,9.0,68.26,66.89,19.3,0,75.01
91.3,3,1,1,8.9,75.01,64.32,19.9,0,66.35
90.0,0,1,1,9.1,66.35,65.23,20.5,0,68.98
100,1,0,0,8.8,68.98,67.01,22.0,1,73.06
100,1,0,0,8.8,67.88,70.55,23.1,1,72.83
95.0,0,1,0,8.5,72.83,68.9,16.9,2,70.56
95.2,0,0,1,8.1,70.56,69.97,17.7,4,66.31
94.7,2,0,1,8.3,66.31,67.51,13.5,2,66.49
72.7,2,3,3,9.0,66.49,65.55,16.2,0,54.24
88.9,2,0,2,9.4,54.24,66.05,21.8,0,63.73
90.9,3,2,0,8.5,63.73,63.19,17.0,2,56.11
95.2,4,0,1,8.9,56.11,63.39,17.4,0,60.93
95.0,1,1,0,8.6,60.93,68.54,15.1,1,66.51
91.3,1,0,2,9.0,66.51,68.76,23.9,1,66.83
90.5,5,1,1,8.9,66.83,66.97,17.7,0,62.06
85.0,1,1,2,8.6,62.06,66.02,13.9,1,61.57
91.3,1,1,1,9.0,61.57,65.43,21.8,0,64.72
94.7,1,0,1,8.6,64.72,66.47,15.5,1,64.84
100,2,0,0,9.2,64.84,66.37,27.0,1,70.18
100,3,0,0,9.2,70.18,68.69,24.8,0,72.33
90.5,2,1,1,8.9,72.33,65.59,17.6,0,64.8
90.0,1,1,1,9.1,64.8,64.84,19.2,0,65.17
100,2,0,0,9.0,65.17,64.25,23.8,0,72.1
95.0,1,0,1,7.9,72.1,64.33,13.6,4,66.69
81.0,0,2,2,8.6,66.69,66.89,17.9,2,61.35
95.7,2,0,1,8.3,61.35,64.32,18.5,3,61.12
95.0,2,1,0,9.2,61.12,65.23,23.5,0,69.15
90.9,3,0,2,8.9,69.15,67.01,21.5,1,64.63
91.3,0,1,1,9.0,62.96,70.55,21.1,0,65.75
95.0,2,1,0,8.9,65.75,68.9,17.8,0,64.76
95.2,3,1,0,9.2,64.76,69.97,24.6,0,65.88
84.2,1,2,1,9.0,65.88,67.51,15.5,0,61.03
90.9,0,2,0,9.0,61.03,65.55,20.6,0,64.49
100,1,0,0,9.0,64.49,66.05,18.6,0,71.14
86.4,1,0,3,8.7,71.14,63.19,18.5,1,64.85
95.2,2,0,1,8.8,64.85,63.39,15.1,0,65.43
95.0,1,0,1,9.2,65.43,68.54,22.2,0,72.43
95.7,2,0,1,8.8,72.43,68.76,22.1,1,68.72
100,2,0,0,8.7,68.72,66.97,19.6,1,67.54
85.0,1,0,3,9.2,67.54,66.02,20.0,0,69.36
95.7,0,1,0,8.6,69.36,65.43,17.8,1,71.86
78.9,3,3,1,9.0,71.86,66.47,15.1,0,60.05
90.0,0,2,0,8.9,60.05,66.37,16.0,0,62.87
95.0,1,0,1,9.1,62.87,68.69,21.3,0,69.71
95.2,1,0,1,8.8,69.71,65.59,19.4,1,70.59
85.0,1,2,1,9.1,70.59,64.84,18.0,0,63.76
95.7,3,0,1,8.8,63.76,64.25,21.9,1,62.58
85.0,2,1,2,9.1,62.58,64.33,18.6,0,59.95
95.2,2,0,1,9.1,59.95,66.89,21.3,0,69.69
82.6,1,1,3,8.6,69.69,64.32,19.2,2,61.75
95.0,1,0,1,8.8,61.75,65.23,19.6,1,65.03
95.5,1,1,0,8.9,65.03,67.01,23.3,1,69.27
100,0,0,0,9.4,63.34,70.55,31.8,0,74.87
100,2,0,0,8.9,74.87,68.9,19.0,0,70.86
95.2,1,0,1,8.7,70.86,69.97,17.9,1,68.99
94.7,1,0,1,8.9,68.99,67.51,20.1,1,69.6
90.9,1,0,2,8.9,69.6,65.55,22.9,1,65.16
94.4,2,1,0,8.9,65.16,66.05,16.1,0,66.38
90.9,1,0,2,8.9,66.38,63.19,18.1,0,65.61
85.7,3,0,3,8.7,65.61,63.39,17.5,1,63.85
95.0,0,1,0,8.7,63.85,68.54,13.0,0,70.48
100,4,0,0,9.1,70.48,68.76,24.9,0,69.01
95.2,2,1,0,8.8,69.01,66.97,20.6,1,65.9
80.0,2,1,3,9.0,65.9,66.02,16.7,0,60.82
91.3,2,2,0,8.9,60.82,65.43,19.6,0,64.55
94.7,1,0,1,8.7,64.55,66.47,12.9,0,72.15
100,2,0,0,8.8,72.15,66.37,20.5,1,70.8
100,3,0,0,8.6,70.8,68.69,15.6,1,71.26
95.2,3,0,1,8.9,71.26,65.59,18.9,0,69.65
95.0,3,0,1,9.0,69.65,64.84,19.6,0,65.59
91.3,1,1,1,9.1,65.59,64.25,23.4,0,67.63
80.0,1,2,2,9.3,67.63,64.33,20.4,0,64.12
90.5,1,1,1,8.7,64.12,66.89,21.8,2,63.11
91.3,3,1,1,8.6,63.11,64.32,20.2,2,58.25
95.0,1,1,0,9.0,58.25,65.23,18.5,0,67.75
90.9,0,1,1,9.0,67.75,67.01,19.6,0,68.85
91.3,4,1,1,8.5,89.84,70.55,19.7,2,64.86
95.0,2,1,0,9.2,64.86,68.9,23.1,0,68.6
95.2,1,1,0,8.9,68.6,69.97,22.1,1,68.5
94.7,2,1,0,8.9,68.5,67.51,19.9,1,65.84
95.5,2,0,1,9.0,65.84,65.55,20.8,0,68.37
77.8,2,0,4,9.0,68.37,66.05,14.5,0,63.08
90.9,3,0,2,8.7,63.08,63.19,18.5,1,61.67
95.2,2,1,0,8.6,61.67,63.39,20.8,2,62.63
95.0,2,1,0,8.5,62.63,68.54,17.6,2,60.5
87.0,1,0,3,9.3,60.5,68.76,25.3,0,65.72
90.5,2,0,2,9.1,65.72,66.97,20.4,0,68.53
90.0,3,1,1,8.9,68.53,66.02,20.0,1,64.26
91.3,1,0,2,8.6,64.26,65.43,17.1,1,63.52
89.5,1,2,0,8.3,63.52,66.47,12.7,2,60.99
90.0,1,2,0,8.5,60.99,66.37,17.5,2,61.29
90.0,0,2,0,9.3,61.29,68.69,23.3,0,65.1
85.7,2,1,2,8.7,65.1,65.59,16.4,1,59.98
95.0,4,0,1,8.9,59.98,64.84,21.4,1,64.42
91.3,1,1,1,8.5,64.42,64.25,23.0,3,60.74
85.0,3,2,1,8.7,60.74,64.33,16.3,1,54.4
85.7,0,3,0,8.9,54.4,66.89,21.0,1,55.46
95.7,1,1,0,8.8,55.46,64.32,21.0,1,62.16
100,2,0,0,8.8,62.16,65.23,16.8,0,66.95
90.9,0,1,1,8.6,66.95,67.01,19.6,2,66.23
95.7,1,0,1,8.5,80.77,70.55,19.4,2,71.4
90.0,0,1,1,9.2,71.4,68.9,20.9,0,72.2
100,0,0,0,8.7,72.2,69.97,18.5,1,76.75
84.2,1,1,2,8.9,76.75,67.51,13.8,0,64.62
95.5,2,1,0,9.0,64.62,65.55,21.5,0,65.78
100,1,0,0,9.1,65.78,66.05,19.9,0,73.59
95.5,5,1,0,8.7,73.59,63.19,19.3,1,61.9
90.5,1,1,1,8.9,61.9,63.39,20.3,1,63.03
95.0,1,1,0,9.2,63.03,68.54,22.2,0,68.43
100,0,0,0,9.1,68.43,68.76,25.6,0,74.08
90.5,1,1,1,9.2,74.08,66.97,22.8,0,68.63
80.0,0,0,4,9.0,68.63,66.02,16.5,0,67.49
95.7,2,1,0,8.6,67.49,65.43,17.4,1,65.15
94.7,3,0,1,9.0,65.15,66.47,17.2,0,70.04
100,3,0,0,8.3,70.04,66.37,15.0,2,65.49
90.0,0,0,2,8.5,65.49,68.69,16.7,2,64.4
90.5,1,0,2,9.2,64.4,65.59,22.0,0,68.34
85.0,2,2,1,8.9,68.34,64.84,15.2,0,64.19
95.7,2,1,0,8.9,64.19,64.25,22.9,1,65.59
95.0,2,0,1,8.9,65.59,64.33,17.7,0,66.23
100,2,0,0,9.0,66.23,66.89,21.3,0,71.65
95.7,1,1,0,9.0,71.65,64.32,22.3,0,70.61
75.0,0,4,1,9.1,70.61,65.23,16.0,0,55.44
90.9,0,0,2,9.2,55.44,67.01,24.2,0,69.81
100,1,0,0,9.1,88.57,70.55,26.1,0,81.67
90.0,1,2,0,9.1,81.67,68.9,20.4,0,71.79
95.2,2,1,0,8.9,71.79,69.97,22.4,1,66.14
94.7,0,0,1,9.5,66.14,67.51,26.3,0,74.35
100,2,0,0,9.1,74.35,65.55,24.6,0,74.92
100,1,0,0,8.3,74.92,66.05,17.0,3,67.85
90.9,0,1,1,8.6,67.85,63.19,17.1,1,67.57
85.7,1,0,3,9.1,67.57,63.39,19.6,0,68.0
100,1,0,0,9.1,68.0,68.54,21.2,0,75.17
95.7,2,0,1,8.9,75.17,68.76,23.4,1,71.93
95.2,0,1,0,8.9,71.93,66.97,22.0,1,69.84
85.0,0,1,2,9.2,69.84,66.02,20.9,0,69.39
95.7,2,0,1,9.3,69.39,65.43,29.6,0,70.24
94.7,2,0,1,8.5,70.24,66.47,17.2,2,66.06
100,3,0,0,9.1,66.06,66.37,22.4,0,67.88
95.0,3,0,1,8.7,67.88,68.69,16.8,1,68.79
85.7,1,2,1,8.9,68.79,65.59,20.7,1,61.15
85.0,2,2,1,8.4,61.15,64.84,14.8,2,58.19
82.6,3,2,2,8.7,58.19,64.25,16.9,1,54.97
85.0,2,2,1,8.5,54.97,64.33,12.3,1,55.11
85.7,0,2,1,9.0,55.11,66.89,18.8,0,63.69
95.7,4,0,1,9.2,63.69,64.32,26.2,0,64.57
100,3,0,0,9.0,64.57,65.23,20.6,0,66.65
86.4,2,1,2,9.1,66.65,67.01,21.8,0,66.54
91.3,3,1,1,8.6,88.6,70.55,20.6,2,68.49
100,3,0,0,9.1,68.49,68.9,21.4,0,73.4
95.2,2,0,1,8.7,73.4,69.97,18.7,1,69.63
89.5,1,1,1,8.5,69.63,67.51,17.4,2,63.94
95.5,2,0,1,8.4,63.94,65.55,17.1,2,62.12
100,3,0,0,8.2,62.12,66.05,15.5,3,60.03
90.9,3,1,1,9.1,60.03,63.19,22.4,0,62.16
95.2,0,0,1,9.3,62.16,63.39,26.7,0,73.68
95.0,0,1,0,8.5,73.68,68.54,16.8,2,65.8
100,2,0,0,8.5,65.8,68.76,20.9,2,67.3
100,5,0,0,8.9,67.3,66.97,19.0,0,69.65
80.0,1,2,2,8.3,69.65,66.02,13.8,2,57.88
87.0,4,2,1,8.7,57.88,65.43,17.5,1,53.87
94.7,2,1,0,8.8,53.87,66.47,18.1,1,64.53
90.0,0,1,1,8.6,64.53,66.37,18.9,2,65.62
100,3,0,0,8.7,65.62,68.69,22.5,2,63.39
85.7,1,3,0,8.3,63.39,65.59,13.8,2,56.89
80.0,0,1,3,9.1,56.89,64.84,17.3,0,60.09
100,2,0,0,8.8,60.09,64.25,22.0,1,65.69
85.0,1,2,1,8.6,65.69,64.33,17.5,2,60.32
100,2,0,0,8.8,60.32,66.89,20.8,1,66.87
91.3,2,1,1,8.9,66.87,64.32,21.9,1,65.57
85.0,0,1,2,8.5,65.57,65.23,16.3,2,59.01
86.4,4,0,3,9.0,59.01,67.01,19.1,0,60.96
100,1,0,0,8.8,64.59,70.55,22.8,1,68.42
85.0,1,3,0,9.3,68.42,68.9,22.6,0,61.28
100,1,0,0,8.9,61.28,69.97,22.1,1,71.42
94.7,2,0,1,9.2,71.42,67.51,22.1,0,72.9
81.8,1,1,3,9.2,72.9,65.55,20.9,0,66.98
88.9,3,0,2,9.2,66.98,66.05,18.7,0,65.35
95.5,3,0,1,8.9,65.35,63.19,19.8,0,64.85
85.7,2,1,2,8.9,64.85,63.39,21.2,1,58.89
90.0,2,1,1,9.3,58.89,68.54,22.7,0,66.23
95.7,2,1,0,8.9,66.23,68.76,20.4,0,66.08
90.5,1,2,0,9.1,66.08,66.97,20.7,0,65.73
90.0,0,0,2,8.9,65.73,66.02,16.2,0,72.32
95.7,2,1,0,8.9,72.32,65.43,24.8,1,66.45
89.5,1,2,0,9.1,66.45,66.47,18.5,0,65.04
95.0,1,1,0,8.9,65.04,66.37,17.1,0,66.04
100,0,0,0,9.2,66.04,68.69,23.8,0,77.31
95.2,4,1,0,8.9,77.31,65.59,21.3,1,65.34
90.0,2,0,2,9.0,65.34,64.84,17.1,0,67.83
100,2,0,0,9.1,67.83,64.25,24.3,0,70.18
100,0,0,0,9.4,70.18,64.33,27.8,0,79.32
90.5,3,1,1,9.3,79.32,66.89,23.8,0,69.81
91.3,3,0,2,9.1,69.81,64.32,22.2,0,66.09
85.0,2,2,1,9.1,66.09,65.23,18.9,0,60.04
86.4,1,1,2,8.9,60.04,67.01,17.5,0,60.14
91.3,6,0,2,6.3,61.77,54.7,0.0,2,47.58
90.0,1,2,0,6.9,47.58,52.17,0.0,0,51.06
95.2,0,0,1,6.5,51.06,54.66,0.0,0,60.46
84.2,1,2,1,6.7,60.46,51.56,0.0,0,50.86
95.5,3,0,1,6.5,50.86,51.55,0.0,0,52.48
66.7,1,2,4,6.3,52.48,49.93,0.0,1,40.11
81.8,1,1,3,6.6,40.11,46.19,0.0,0,46.73
90.5,3,0,2,6.6,46.73,50.02,0.0,0,53.79
75.0,1,2,3,6.4,53.79,53.25,0.0,1,46.55
91.3,2,1,1,6.6,46.55,50.55,0.0,1,51.67
90.5,3,1,1,6.6,51.67,52.44,0.0,0,48.63
95.0,0,0,1,6.6,48.63,50.88,0.0,0,56.17
95.7,5,0,1,6.5,56.17,48.79,0.0,2,49.39
89.5,3,2,0,6.7,49.39,53.69,0.0,0,46.02
85.0,0,2,1,6.5,46.02,51.79,0.0,1,47.17
95.0,1,0,1,6.7,47.17,54.72,0.0,0,59.62
95.2,4,1,0,6.6,59.62,52.27,0.0,0,51.7
95.0,3,0,1,6.6,51.7,53.64,0.0,0,54.06
87.0,3,0,3,6.3,54.06,51.21,0.0,1,48.11
100,2,0,0,6.7,48.11,50.95,0.0,0,59.8
90.5,0,2,0,6.6,59.8,55.31,0.0,0,54.13
95.7,3,1,0,6.5,54.13,53.31,0.0,1,50.54
90.0,3,2,0,6.3,50.54,51.79,0.0,1,48.21
95.5,4,0,1,6.6,48.21,53.01,0.0,0,51.07
91.3,1,2,0,6.2,89.89,54.7,0.0,2,58.47
95.0,2,1,0,6.7,58.47,52.17,0.0,0,56.29
90.5,3,0,2,6.1,56.29,54.66,0.0,2,47.72
89.5,2,1,1,6.5,47.72,51.56,0.0,1,52.03
86.4,1,0,3,6.5,52.03,51.55,0.0,0,51.68
94.4,3,0,1,6.5,51.68,49.93,0.0,1,55.32
95.5,0,1,0,6.6,55.32,46.19,0.0,0,57.31
90.5,1,1,1,6.5,57.31,50.02,0.0,1,55.92
95.0,1,1,0,6.5,55.92,53.25,0.0,1,57.44
91.3,1,0,2,6.7,57.44,50.55,0.0,0,58.3
95.2,2,0,1,6.4,58.3,52.44,0.0,1,57.41
75.0,0,3,2,6.5,57.41,50.88,0.0,0,45.64
95.7,4,1,0,6.5,45.64,48.79,0.0,0,47.84
94.7,2,0,1,6.5,47.84,53.69,0.0,1,53.21
100,2,0,0,6.4,53.21,51.79,0.0,2,58.62
95.0,1,1,0,6.7,58.62,54.72,0.0,0,59.76
90.5,1,1,1,6.3,59.76,52.27,0.0,2,51.17
100,5,0,0,6.7,51.17,53.64,0.0,0,52.71
95.7,1,0,1,6.4,52.71,51.21,0.0,2,52.38
90.0,4,1,1,6.3,52.38,50.95,0.0,1,46.89
95.2,0,1,0,6.7,46.89,55.31,0.0,0,59.23
91.3,1,1,1,6.6,59.23,53.31,0.0,0,57.8
95.0,3,0,1,6.4,57.8,51.79,0.0,2,53.87
100,2,0,0,6.5,53.87,53.01,0.0,1,56.1
87.0,2,3,0,6.1,86.11,54.7,0.0,2,52.45
90.0,0,2,0,6.5,52.45,52.17,0.0,1,52.01
95.2,1,1,0,6.3,52.01,54.66,0.0,3,50.28
94.7,1,0,1,6.4,50.28,51.56,0.0,2,52.99
86.4,2,1,2,6.3,52.99,51.55,0.0,1,47.57
77.8,3,1,3,6.2,47.57,49.93,0.0,1,41.24
77.3,3,0,5,6.1,41.24,46.19,0.0,3,40.73
100,3,0,0,6.3,40.73,50.02,0.0,2,50.78
90.0,2,1,1,6.5,50.78,53.25,0.0,0,52.33
95.7,1,1,0,6.1,52.33,50.55,0.0,3,50.0
95.2,1,0,1,6.5,50.0,52.44,0.0,1,54.4
90.0,1,1,1,6.5,54.4,50.88,0.0,0,55.19
87.0,0,3,0,5.9,55.19,48.79,0.0,5,40.55
94.7,1,1,0,6.7,40.55,53.69,0.0,0,54.3
85.0,2,2,1,6.3,54.3,51.79,0.0,2,47.62
100,4,0,0,6.4,47.62,54.72,0.0,0,55.9
90.5,2,1,1,6.5,55.9,52.27,0.0,1,50.61
95.0,2,1,0,6.3,50.61,53.64,0.0,1,55.37
82.6,3,0,4,6.4,55.37,51.21,0.0,1,49.99
80.0,1,1,3,6.5,49.99,50.95,0.0,1,45.32
95.2,1,0,1,6.6,45.32,55.31,0.0,0,58.96
100,0,0,0,6.4,58.96,53.31,0.0,1,59.03
85.0,1,1,2,6.2,59.03,51.79,0.0,3,47.58
90.9,0,0,2,6.5,47.58,53.01,0.0,1,55.11
100,1,0,0,6.5,63.36,54.7,0.0,1,59.77
90.0,3,0,2,6.5,59.77,52.17,0.0,0,56.12
100,0,0,0,6.5,56.12,54.66,0.0,1,63.47
89.5,0,1,1,6.7,63.47,51.56,0.0,0,56.73
90.9,2,2,0,6.5,56.73,51.55,0.0,1,51.43
88.9,2,0,2,6.7,51.43,49.93,0.0,0,55.15
90.9,4,1,1,6.5,55.15,46.19,0.0,0,48.84
76.2,0,0,5,6.3,48.84,50.02,0.0,1,49.37
90.0,2,0,2,6.8,49.37,53.25,0.0,0,54.82
95.7,0,1,0,6.6,54.82,50.55,0.0,1,55.97
100,2,0,0,6.7,55.97,52.44,0.0,0,58.09
95.0,2,1,0,6.6,58.09,50.88,0.0,0,54.59
95.7,1,0,1,6.6,54.59,48.79,0.0,0,59.43
94.7,1,0,1,6.7,59.43,53.69,0.0,0,62.41
90.0,1,1,1,6.7,62.41,51.79,0.0,0,56.71
95.0,3,0,1,6.5,56.71,54.72,0.0,0,55.27
95.2,1,0,1,6.8,55.27,52.27,0.0,0,61.35
90.0,2,1,1,6.6,61.35,53.64,0.0,0,53.66
82.6,2,0,4,6.5,53.66,51.21,0.0,0,52.91
90.0,1,1,1,6.6,52.91,50.95,0.0,0,53.34
95.2,1,0,1,6.5,53.34,55.31,0.0,0,58.97
100,2,0,0,6.5,58.97,53.31,0.0,1,61.22
95.0,1,0,1,6.4,61.22,51.79,0.0,1,61.18
90.9,3,1,1,6.6,61.18,53.01,0.0,0,56.44
87.0,2,2,1,6.4,76.03,54.7,0.0,0,53.99
90.0,3,2,0,6.5,53.99,52.17,0.0,0,52.46
90.5,3,1,1,6.5,52.46,54.66,0.0,1,50.22
89.5,6,2,0,6.3,50.22,51.56,0.0,2,38.91
95.5,1,0,1,6.4,38.91,51.55,0.0,1,52.6
88.9,4,1,1,6.4,52.6,49.93,0.0,0,47.04
77.3,3,4,1,6.4,47.04,46.19,0.0,0,36.55
90.5,2,1,1,6.4,36.55,50.02,0.0,1,45.98
95.0,1,1,0,6.5,45.98,53.25,0.0,0,56.0
91.3,1,2,0,6.4,56.0,50.55,0.0,1,49.88
85.7,1,2,1,6.3,49.88,52.44,0.0,2,44.92
95.0,4,0,1,6.4,44.92,50.88,0.0,2,45.47
91.3,4,2,0,6.7,45.47,48.79,0.0,0,46.69
94.7,2,1,0,6.5,46.69,53.69,0.0,0,55.06
90.0,3,2,0,6.0,55.06,51.79,0.0,3,44.0
95.0,2,1,0,6.5,44.0,54.72,0.0,0,53.37
95.2,4,1,0,6.5,53.37,52.27,0.0,1,51.69
100,3,0,0,6.5,51.69,53.64,0.0,1,58.17
100,3,0,0,6.4,58.17,51.21,0.0,0,60.35
80.0,3,2,2,6.5,60.35,50.95,0.0,0,49.34
100,4,0,0,6.5,49.34,55.31,0.0,1,56.12
100,4,0,0,6.4,56.12,53.31,0.0,2,52.7
85.0,4,3,0,6.3,52.7,51.79,0.0,2,42.57
100,1,0,0,6.5,42.57,53.01,0.0,0,57.48
91.3,2,1,1,6.5,60.5,54.7,0.0,1,51.41
100,2,0,0,6.8,51.41,52.17,0.0,0,57.28
100,0,0,0,6.5,57.28,54.66,0.0,1,59.27
94.7,3,0,1,6.4,59.27,51.56,0.0,0,55.15
95.5,3,0,1,6.2,55.15,51.55,0.0,3,50.43
88.9,2,1,1,6.6,50.43,49.93,0.0,0,52.4
86.4,3,1,2,6.2,52.4,46.19,0.0,3,43.8
95.2,2,1,0,6.6,43.8,50.02,0.0,0,50.25
100,0,0,0,6.6,50.25,53.25,0.0,0,61.26
95.7,0,0,1,6.4,61.26,50.55,0.0,2,55.98
100,1,0,0,6.6,55.98,52.44,0.0,0,59.61
95.0,1,0,1,6.5,59.61,50.88,0.0,0,56.9
91.3,1,0,2,6.4,56.9,48.79,0.0,1,56.79
94.7,0,0,1,6.4,56.79,53.69,0.0,1,56.23
100,2,0,0,6.4,56.23,51.79,0.0,1,56.33
95.0,2,1,0,6.7,56.33,54.72,0.0,0,54.4
90.5,2,1,1,6.4,54.4,52.27,0.0,1,49.42
90.0,2,2,0,6.7,49.42,53.64,0.0,0,51.9
82.6,1,2,2,6.4,51.9,51.21,0.0,1,47.87
85.0,1,1,2,6.7,47.87,50.95,0.0,0,48.28
100,0,0,0,6.6,48.28,55.31,0.0,1,56.78
100,3,0,0,6.6,56.78,53.31,0.0,2,53.47
100,1,0,0,6.7,53.47,51.79,0.0,0,58.29
86.4,1,3,0,6.7,58.29,53.01,0.0,0,50.3
91.3,1,1,1,6.6,75.47,54.7,0.0,0,59.35
80.0,1,3,1,6.1,59.35,52.17,0.0,3,43.99
90.5,2,0,2,6.6,43.99,54.66,0.0,0,50.61
89.5,0,2,0,6.3,50.61,51.56,0.0,2,48.64
100,1,0,0,6.6,48.64,51.55,0.0,0,57.31
94.4,1,0,1,6.4,57.31,49.93,0.0,1,54.87
95.5,3,1,0,6.4,54.87,46.19,0.0,2,48.27
90.5,1,2,0,6.3,48.27,50.02,0.0,3,47.99
90.0,1,2,0,6.3,47.99,53.25,0.0,2,50.91
91.3,5,2,0,6.4,50.91,50.55,0.0,2,44.28
85.7,0,3,0,6.8,44.28,52.44,0.0,0,46.38
85.0,3,2,1,6.7,46.38,50.88,0.0,0,47.87
91.3,3,2,0,6.6,47.87,48.79,0.0,0,50.18
89.5,1,1,1,6.7,50.18,53.69,0.0,0,54.98
95.0,2,0,1,6.3,54.98,51.79,0.0,2,55.09
95.0,6,1,0,6.4,55.09,54.72,0.0,1,47.21
95.2,1,1,0,6.5,47.21,52.27,0.0,2,49.35
70.0,2,3,3,6.5,49.35,53.64,0.0,0,41.37
82.6,1,0,4,6.6,41.37,51.21,0.0,0,47.93
95.0,1,1,0,6.5,47.93,50.95,0.0,1,55.31
85.7,1,0,3,6.5,55.31,55.31,0.0,1,53.64
87.0,1,3,0,6.5,53.64,53.31,0.0,2,46.62
100,1,0,0,6.4,46.62,51.79,0.0,1,54.98
86.4,1,2,1,6.6,54.98,53.01,0.0,1,51.03
82.6,3,2,2,6.5,84.4,54.7,0.0,0,54.6
85.0,1,3,0,6.6,54.6,52.17,0.0,0,48.14
95.2,2,1,0,6.7,48.14,54.66,0.0,0,55.29
94.7,2,0,1,6.6,55.29,51.56,0.0,0,57.21
90.9,5,1,1,6.4,57.21,51.55,0.0,2,48.92
94.4,1,1,0,6.4,48.92,49.93,0.0,1,53.28
86.4,2,3,0,6.4,53.28,46.19,0.0,2,47.26
85.7,5,1,2,6.7,47.26,50.02,0.0,0,46.06
90.0,3,1,1,6.1,46.06,53.25,0.0,2,46.67
87.0,6,3,0,6.4,46.67,50.55,0.0,2,38.31
85.7,0,2,1,6.6,38.31,52.44,0.0,0,50.04
90.0,2,2,0,6.4,50.04,50.88,0.0,2,45.18
78.3,1,5,0,6.4,45.18,48.79,0.0,1,39.45
94.7,1,1,0,6.2,39.45,53.69,0.0,2,47.28
95.0,4,1,0,6.4,47.28,51.79,0.0,1,48.81
90.0,0,2,0,6.4,48.81,54.72,0.0,0,52.24
95.2,2,0,1,6.4,52.24,52.27,0.0,1,52.87
100,1,0,0,6.9,52.87,53.64,0.0,0,61.88
87.0,4,1,2,6.6,61.88,51.21,0.0,0,50.15
85.0,1,3,0,6.5,50.15,50.95,0.0,1,49.36
85.7,0,3,0,6.2,49.36,55.31,0.0,2,44.69
91.3,5,2,0,6.6,44.69,53.31,0.0,1,45.12
95.0,3,1,0,6.5,45.12,51.79,0.0,1,47.61
86.4,2,2,1,6.6,47.61,53.01,0.0,1,46.54
91.3,1,1,1,5.8,74.71,56.65,0.0,0,58.57
95.0,1,0,1,5.9,58.57,54.06,0.0,1,58.77
90.5,0,1,1,5.7,58.77,48.75,0.0,1,56.8
94.7,2,0,1,5.9,56.8,54.4,0.0,0,55.15
90.9,1,0,2,5.8,55.15,51.44,0.0,0,53.43
88.9,1,1,1,5.6,53.43,50.6,0.0,1,47.48
86.4,1,2,1,5.7,47.48,50.66,0.0,1,46.35
95.2,4,0,1,5.8,46.35,51.55,0.0,0,52.84
100,0,0,0,5.7,52.84,50.65,0.0,2,58.03
100,3,0,0,5.7,58.03,51.91,0.0,1,58.11
100,2,0,0,5.7,58.11,55.1,0.0,0,59.79
80.0,0,0,4,5.6,59.79,49.29,0.0,2,49.19
100,0,0,0,5.7,49.19,51.66,0.0,2,54.6
100,2,0,0,5.8,54.6,53.83,0.0,0,57.76
90.0,1,1,1,5.8,57.76,51.03,0.0,0,50.66
100,2,0,0,5.6,50.66,52.39,0.0,1,56.88
90.5,1,1,1,5.5,56.88,48.98,0.0,1,50.37
95.0,0,0,1,5.8,50.37,51.1,0.0,0,54.73
91.3,2,0,2,5.7,54.73,50.75,0.0,1,54.11
90.0,2,0,2,5.6,54.11,49.36,0.0,1,49.09
95.2,4,1,0,5.6,49.09,46.94,0.0,1,49.91
91.3,1,1,1,5.8,49.91,52.27,0.0,0,52.64
95.0,0,1,0,5.9,52.64,53.71,0.0,0,58.0
90.9,3,0,2,5.7,58.0,51.98,0.0,0,54.67
95.7,2,0,1,5.7,76.11,56.65,0.0,0,62.72
100,1,0,0,5.6,62.72,54.06,0.0,0,63.39
85.7,1,0,3,5.9,63.39,48.75,0.0,0,51.81
100,0,0,0,5.9,51.81,54.4,0.0,0,60.43
100,1,0,0,5.5,60.43,51.44,0.0,2,54.76
94.4,2,0,1,6.0,54.76,50.6,0.0,0,54.29
90.9,0,0,2,5.8,54.29,50.66,0.0,0,55.77
95.2,1,0,1,5.9,55.77,51.55,0.0,0,59.09
100,4,0,0,5.7,59.09,50.65,0.0,0,53.15
91.3,1,0,2,5.8,53.15,51.91,0.0,0,52.6
100,0,0,0,5.8,52.6,55.1,0.0,0,62.96
100,0,0,0,5.8,62.96,49.29,0.0,0,62.47
95.7,1,0,1,5.6,62.47,51.66,0.0,0,60.99
100,0,0,0,5.8,60.99,53.83,0.0,0,59.64
95.0,0,0,1,5.8,59.64,51.03,0.0,0,56.74
100,1,0,0,5.8,56.74,52.39,0.0,0,62.07
95.2,0,1,0,5.8,62.07,48.98,0.0,1,56.16
95.0,1,0,1,5.7,56.16,51.1,0.0,1,55.91
95.7,1,0,1,5.8,55.91,50.75,0.0,0,54.88
100,0,0,0,5.7,54.88,49.36,0.0,0,58.33
85.7,2,0,3,5.8,58.33,46.94,0.0,0,50.1
100,1,0,0,5.6,50.1,52.27,0.0,0,58.78
100,0,0,0,5.7,58.78,53.71,0.0,0,60.29
100,2,0,0,5.8,60.29,51.98,0.0,0,60.61
100,3,0,0,5.6,69.92,56.65,0.0,1,58.34
90.0,5,1,1,5.7,58.34,54.06,0.0,0,44.96
95.2,5,1,0,5.7,44.96,48.75,0.0,0,47.27
100,4,0,0,5.7,47.27,54.4,0.0,0,53.99
81.8,3,2,2,5.7,53.99,51.44,0.0,2,42.34
94.4,1,0,1,5.7,42.34,50.6,0.0,2,48.02
90.9,2,1,1,5.6,48.02,50.66,0.0,2,45.48
90.5,1,1,1,5.6,45.48,51.55,0.0,2,48.01
90.0,5,1,1,5.8,48.01,50.65,0.0,1,42.3
91.3,4,1,1,5.7,42.3,51.91,0.0,1,42.87
95.2,2,1,0,5.8,42.87,55.1,0.0,0,50.61
85.0,2,3,0,5.7,50.61,49.29,0.0,1,42.89
91.3,4,0,2,5.8,42.89,51.66,0.0,0,44.24
89.5,1,2,0,5.7,44.24,53.83,0.0,1,49.0
75.0,3,5,0,5.3,49.0,51.03,0.0,3,32.24
95.0,1,1,0,5.7,32.24,52.39,0.0,0,47.76
90.5,3,2,0,5.8,47.76,48.98,0.0,1,47.57
95.0,2,0,1,5.6,47.57,51.1,0.0,1,53.35
91.3,5,1,1,5.6,53.35,50.75,0.0,1,42.41
90.0,2,2,0,5.7,42.41,49.36,0.0,1,44.4
81.0,3,2,2,5.7,44.4,46.94,0.0,1,39.35
95.7,1,0,1,5.5,39.35,52.27,0.0,3,48.87
95.0,0,1,0,5.5,48.87,53.71,0.0,2,49.16
90.9,6,0,2,5.7,49.16,51.98,0.0,0,46.47
95.7,0,0,1,5.8,65.61,56.65,0.0,0,58.96
85.0,1,1,2,5.8,58.96,54.06,0.0,0,52.62
85.7,2,1,2,5.6,52.62,48.75,0.0,2,44.42
100,0,0,0,5.6,44.42,54.4,0.0,1,57.57
90.9,0,0,2,5.7,57.57,51.44,0.0,1,53.96
88.9,4,1,1,5.7,53.96,50.6,0.0,1,46.14
77.3,1,1,4,5.6,46.14,50.66,0.0,0,45.12
90.5,3,2,0,5.8,45.12,51.55,0.0,0,43.32
95.0,2,1,0,5.7,43.32,50.65,0.0,1,49.34
100,1,0,0,5.8,49.34,51.91,0.0,1,57.42
95.2,2,0,1,5.8,57.42,55.1,0.0,1,55.58
70.0,0,1,5,5.9,55.58,49.29,0.0,0,46.12
95.7,4,1,0,5.7,46.12,51.66,0.0,0,47.3
78.9,1,2,2,5.9,47.3,53.83,0.0,0,46.47
95.0,0,0,1,5.9,46.47,51.03,0.0,1,52.43
90.0,1,1,1,5.8,52.43,52.39,0.0,0,49.71
95.2,3,0,1,5.5,49.71,48.98,0.0,2,48.99
85.0,2,1,2,5.7,48.99,51.1,0.0,1,45.72
91.3,3,1,1,5.9,45.72,50.75,0.0,0,50.69
90.0,2,0,2,5.7,50.69,49.36,0.0,1,47.35
85.7,6,2,1,5.7,47.35,46.94,0.0,0,37.09
82.6,1,1,3,5.7,37.09,52.27,0.0,0,41.8
85.0,1,1,2,5.7,41.8,53.71,0.0,2,45.43
90.9,2,1,1,5.7,45.43,51.98,0.0,1,49.51
91.3,4,2,0,5.6,70.81,56.65,0.0,0,53.54
90.0,2,1,1,5.8,53.54,54.06,0.0,0,48.9
81.0,1,4,0,5.6,48.9,48.75,0.0,1,42.26
100,3,0,0,5.9,42.26,54.4,0.0,0,50.2
90.9,2,1,1,5.8,50.2,51.44,0.0,0,52.66
88.9,2,1,1,5.7,52.66,50.6,0.0,1,48.46
81.8,0,1,3,5.8,48.46,50.66,0.0,1,47.41
90.5,1,1,1,5.5,47.41,51.55,0.0,3,48.9
85.0,1,2,1,5.8,48.9,50.65,0.0,2,45.17
91.3,4,2,0,5.7,45.17,51.91,0.0,1,42.31
100,3,0,0,5.5,42.31,55.1,0.0,1,51.13
90.0,1,1,1,5.6,51.13,49.29,0.0,2,49.07
95.7,4,0,1,5.6,49.07,51.66,0.0,3,45.2
94.7,2,0,1,5.6,45.2,53.83,0.0,2,52.2
95.0,1,0,1,5.7,52.2,51.03,0.0,0,57.12
90.0,4,1,1,5.5,57.12,52.39,0.0,1,45.68
95.2,0,0,1,5.3,45.68,48.98,0.0,5,49.42
80.0,2,3,1,5.7,49.42,51.1,0.0,2,40.88
87.0,1,2,1,5.4,40.88,50.75,0.0,3,39.25
85.0,1,1,2,5.4,39.25,49.36,0.0,2,40.23
90.5,0,2,0,5.7,40.23,46.94,0.0,1,46.86
95.7,3,0,1,5.9,46.86,52.27,0.0,0,55.0
100,3,0,0,5.6,55.0,53.71,0.0,2,52.22
90.9,0,1,1,5.6,52.22,51.98,0.0,1,52.36
87.0,1,2,1,5.6,77.38,56.65,0.0,1,51.7
100,3,0,0,5.8,51.7,54.06,0.0,0,55.66
95.2,1,1,0,5.7,55.66,48.75,0.0,1,55.93
100,1,0,0,5.7,55.93,54.4,0.0,1,55.0
95.5,3,0,1,5.7,55.0,51.44,0.0,0,56.63
94.4,0,0,1,5.5,56.63,50.6,0.0,1,55.02
86.4,2,1,2,5.7,55.02,50.66,0.0,0,48.87
95.2,0,0,1,5.7,48.87,51.55,0.0,0,56.6
90.0,0,0,2,5.7,56.6,50.65,0.0,0,53.85
91.3,1,0,2,5.9,53.85,51.91,0.0,0,57.76
95.2,0,1,0,5.7,57.76,55.1,0.0,2,56.02
75.0,0,2,3,5.9,56.02,49.29,0.0,0,45.88
100,0,0,0,5.5,45.88,51.66,0.0,1,56.7
94.7,0,0,1,6.0,56.7,53.83,0.0,0,58.97
95.0,1,0,1,5.8,58.97,51.03,0.0,0,59.17
95.0,1,1,0,5.7,59.17,52.39,0.0,1,53.08
90.5,2,1,1,5.8,53.08,48.98,0.0,0,52.81
95.0,0,1,0,5.7,52.81,51.1,0.0,1,56.39
91.3,2,0,2,5.7,56.39,50.75,0.0,1,52.86
90.0,2,2,0,5.7,52.86,49.36,0.0,1,48.38
90.5,0,1,1,5.7,48.38,46.94,0.0,0,51.59
95.7,1,1,0,5.8,51.59,52.27,0.0,0,55.57
100,1,0,0,5.6,55.57,53.71,0.0,2,58.1
81.8,1,0,4,5.7,58.1,51.98,0.0,1,46.8
91.3,0,1,1,5.8,62.55,56.65,0.0,2,51.52
100,0,0,0,5.7,51.52,54.06,0.0,1,55.29
90.5,3,1,1,5.6,55.29,48.75,0.0,2,47.94
89.5,0,0,2,5.7,47.94,54.4,0.0,0,55.36
86.4,0,1,2,5.9,55.36,51.44,0.0,0,52.5
94.4,2,0,1,5.8,52.5,50.6,0.0,0,55.25
100,2,0,0,5.8,55.25,50.66,0.0,0,58.79
90.5,3,1,1,5.7,58.79,51.55,0.0,1,46.68
100,0,0,0,5.8,46.68,50.65,0.0,1,56.97
100,2,0,0,5.6,56.97,51.91,0.0,0,58.35
100,0,0,0,5.7,58.35,55.1,0.0,0,63.15
85.0,0,1,2,5.7,63.15,49.29,0.0,1,54.97
100,1,0,0,5.7,54.97,51.66,0.0,1,60.27
94.7,1,0,1,5.9,60.27,53.83,0.0,0,59.28
95.0,1,1,0,5.7,59.28,51.03,0.0,1,52.36
95.0,4,1,0,5.7,52.36,52.39,0.0,0,50.47
85.7,2,2,1,5.5,50.47,48.98,0.0,1,46.18
95.0,0,1,0,5.4,46.18,51.1,0.0,3,47.54
95.7,3,1,0,5.7,47.54,50.75,0.0,0,51.43
90.0,0,0,2,5.8,51.43,49.36,0.0,0,55.91
90.5,1,1,1,5.7,55.91,46.94,0.0,1,53.0
95.7,2,0,1,5.8,53.0,52.27,0.0,0,53.85
100,1,0,0,5.8,53.85,53.71,0.0,1,57.88
95.5,0,0,1,5.8,57.88,51.98,0.0,1,55.38
95.7,5,0,1,5.5,85.84,56.65,0.0,2,57.83
90.0,0,1,1,5.9,57.83,54.06,0.0,1,52.88
90.5,4,2,0,5.7,52.88,48.75,0.0,0,43.58
94.7,3,1,0,5.7,43.58,54.4,0.0,0,47.52
86.4,2,2,1,5.5,47.52,51.44,0.0,2,45.26
94.4,1,0,1,5.6,45.26,50.6,0.0,2,50.16
95.5,1,0,1,5.8,50.16,50.66,0.0,0,57.53
95.2,1,0,1,5.8,57.53,51.55,0.0,1,56.96
85.0,3,1,2,5.6,56.96,50.65,0.0,1,46.4
91.3,2,2,0,5.9,46.4,51.91,0.0,0,45.88
85.7,4,2,1,5.6,45.88,55.1,0.0,0,41.54
90.0,3,2,0,5.8,41.54,49.29,0.0,1,43.73
95.7,3,1,0,5.6,43.73,51.66,0.0,3,43.94
94.7,3,0,1,5.6,43.94,53.83,0.0,1,47.3
90.0,2,1,1,5.7,47.3,51.03,0.0,1,47.56
100,1,0,0,5.6,47.56,52.39,0.0,2,53.48
85.7,3,3,0,5.5,53.48,48.98,0.0,2,40.38
95.0,1,0,1,5.7,40.38,51.1,0.0,1,54.32
100,1,0,0,6.0,54.32,50.75,0.0,0,60.4
85.0,0,1,2,5.7,60.4,49.36,0.0,2,51.18
95.2,2,1,0,5.5,51.18,46.94,0.0,3,47.6
95.7,3,0,1,5.6,47.6,52.27,0.0,1,51.68
90.0,1,1,1,5.5,51.68,53.71,0.0,4,48.63
95.5,2,1,0,5.7,48.63,51.98,0.0,1,50.05
91.3,1,1,1,7.2,65.01,59.78,0.1,2,58.4
100,3,0,0,7.5,58.4,59.03,0.7,0,64.12
85.7,2,1,2,7.4,64.12,58.98,0.8,0,58.26
94.7,0,1,0,7.6,58.26,57.84,0.7,0,61.51
95.5,2,0,1,7.5,61.51,57.48,0.7,0,59.01
88.9,0,1,1,7.4,59.01,57.74,1.1,1,55.17
95.5,1,0,1,7.1,55.17,57.75,0.1,2,59.49
85.7,3,0,3,7.4,59.49,54.86,0.4,0,53.01
85.0,0,2,1,6.8,53.01,54.79,0.4,3,45.34
78.3,2,2,3,7.5,45.34,56.21,0.9,0,48.05
95.2,0,0,1,7.3,48.05,56.52,0.4,1,58.2
80.0,2,3,1,7.0,58.2,57.67,0.0,1,45.68
100,0,0,0,7.5,45.68,56.28,0.5,0,59.85
89.5,2,1,1,6.9,59.85,58.24,0.2,2,54.54
95.0,2,1,0,7.3,54.54,59.82,0.3,0,59.94
100,0,0,0,7.6,59.94,58.29,0.6,0,66.25
85.7,2,1,2,7.1,66.25,57.51,0.0,1,51.5
100,2,0,0,7.5,51.5,58.28,0.6,1,57.08
95.7,1,0,1,7.5,57.08,55.82,0.9,0,61.36
100,1,0,0,7.2,61.36,57.91,0.4,1,60.95
90.5,2,2,0,7.4,60.95,59.46,0.2,0,55.9
95.7,3,0,1,7.5,55.9,59.39,0.4,0,55.98
100,2,0,0,7.4,55.98,59.12,0.0,0,63.8
90.9,3,1,1,7.4,63.8,54.09,0.8,1,55.55
91.3,1,0,2,7.3,74.63,59.78,0.3,1,61.5
85.0,1,3,0,7.5,61.5,59.03,0.4,0,51.76
85.7,2,1,2,7.6,51.76,58.98,0.8,0,55.46
78.9,0,3,1,7.2,55.46,57.84,0.0,0,47.32
90.9,2,1,1,7.7,47.32,57.48,0.5,0,52.53
100,1,0,0,7.2,52.53,57.74,0.7,1,59.8
95.5,0,0,1,7.4,59.8,57.75,0.2,0,62.8
85.7,1,0,3,7.5,62.8,54.86,0.8,0,55.59
95.0,6,0,1,7.3,55.59,54.79,0.5,0,52.43
95.7,0,0,1,7.1,52.43,56.21,0.5,2,58.93
95.2,1,0,1,7.1,58.93,56.52,0.5,2,59.67
95.0,1,1,0,7.3,59.67,57.67,0.5,1,59.3
95.7,1,1,0,7.1,59.3,56.28,0.1,2,58.71
89.5,1,1,1,7.3,58.71,58.24,0.5,1,56.38
95.0,1,1,0,7.3,56.38,59.82,0.4,1,56.68
95.0,0,0,1,7.1,56.68,58.29,0.7,2,60.45
100,2,0,0,7.1,60.45,57.51,0.0,0,61.59
100,0,0,0,7.2,61.59,58.28,0.2,1,63.19
95.7,1,0,1,7.2,63.19,55.82,0.9,2,61.49
85.0,0,1,2,7.2,61.49,57.91,0.6,2,52.61
100,1,0,0,7.3,52.61,59.46,0.6,1,62.83
91.3,1,2,0,7.3,62.83,59.39,0.4,0,57.65
100,2,0,0,7.2,57.65,59.12,0.8,2,60.85
90.9,2,2,0,7.2,60.85,54.09,0.3,1,52.25
73.9,2,5,1,7.3,76.18,59.78,0.1,0,46.93
90.0,2,1,1,7.7,46.93,59.03,0.6,0,54.89
90.5,3,1,1,7.4,54.89,58.98,0.2,0,53.58
68.4,2,4,2,7.5,53.58,57.84,0.5,0,40.09
86.4,3,1,2,6.9,40.09,57.48,0.4,3,43.6
77.8,1,1,3,7.1,43.6,57.74,0.1,1,43.19
95.5,2,1,0,7.2,43.19,57.75,0.1,0,54.92
85.7,3,3,0,7.5,54.92,54.86,0.5,0,46.79
85.0,0,1,2,7.3,46.79,54.79,0.5,1,50.9
95.7,2,0,1,6.9,50.9,56.21,0.5,3,54.23
90.5,4,2,0,7.0,54.23,56.52,0.2,2,45.69
85.0,2,2,1,7.2,45.69,57.67,0.1,0,47.13
87.0,5,2,1,7.3,47.13,56.28,0.9,1,43.14
100,2,0,0,7.3,43.14,58.24,0.2,1,55.75
100,2,0,0,7.4,55.75,59.82,0.4,1,60.17
75.0,3,4,1,7.4,60.17,58.29,0.0,0,40.82
85.7,1,1,2,7.4,40.82,57.51,0.7,1,48.6
90.0,0,2,0,7.4,48.6,58.28,0.4,0,53.55
100,4,0,0,6.7,53.55,55.82,0.3,5,48.08
95.0,6,1,0,7.1,48.08,57.91,0.3,2,48.06
85.7,3,2,1,7.4,48.06,59.46,0.2,0,48.03
91.3,1,2,0,7.1,48.03,59.39,0.6,1,50.48
90.0,1,2,0,6.9,50.48,59.12,0.6,2,51.35
81.8,4,3,1,7.3,51.35,54.09,0.2,0,41.53
100,2,0,0,7.3,82.89,59.78,0.4,1,67.45
95.0,0,0,1,6.9,67.45,59.03,0.9,4,58.1
90.5,1,0,2,7.4,58.1,58.98,0.5,1,60.24
84.2,1,1,2,7.3,60.24,57.84,0.0,0,56.34
100,2,0,0,7.1,56.34,57.48,0.3,2,60.22
88.9,1,1,1,7.5,60.22,57.74,0.7,0,60.7
86.4,1,1,2,7.3,60.7,57.75,0.1,0,54.94
90.5,1,1,1,7.2,54.94,54.86,0.2,1,57.13
90.0,3,1,1,7.4,57.13,54.79,0.2,0,52.98
91.3,1,2,0,7.3,52.98,56.21,1.4,1,53.48
100,1,0,0,7.0,53.48,56.52,0.5,2,60.37
95.0,1,0,1,7.2,60.37,57.67,0.3,0,59.83
95.7,0,0,1,7.4,59.83,56.28,0.6,1,60.91
100,4,0,0,7.4,60.91,58.24,0.2,0,58.97
95.0,0,0,1,7.4,58.97,59.82,0.3,0,60.59
95.0,3,1,0,7.0,60.59,58.29,0.0,2,51.43
85.7,0,1,2,7.5,51.43,57.51,0.7,0,58.16
85.0,0,1,2,7.3,58.16,58.28,0.2,0,57.24
95.7,5,1,0,7.2,57.24,55.82,0.3,1,51.68
100,0,0,0,7.6,51.68,57.91,0.6,0,66.77
100,2,0,0,7.4,66.77,59.46,0.2,1,63.75
87.0,2,0,3,7.5,63.75,59.39,0.9,1,56.49
95.0,1,1,0,7.3,56.49,59.12,0.2,1,59.96
77.3,1,4,1,7.2,59.96,54.09,0.1,1,43.14
95.7,3,0,1,7.4,82.96,59.78,0.7,0,64.5
95.0,0,0,1,7.1,64.5,59.03,0.4,1,61.12
100,0,0,0,7.4,61.12,58.98,0.4,1,65.56
100,1,0,0,7.4,65.56,57.84,0.4,0,62.78
95.5,0,0,1,7.2,62.78,57.48,0.0,0,61.3
100,2,0,0,7.4,61.3,57.74,0.6,0,64.56
95.5,0,0,1,7.4,64.56,57.75,0.6,0,63.04
95.2,3,1,0,7.5,63.04,54.86,0.2,0,57.75
90.0,0,0,2,7.0,57.75,54.79,0.6,2,57.06
100,1,0,0,7.3,57.06,56.21,0.2,0,62.5
100,1,0,0,7.4,62.5,56.52,0.2,0,65.49
90.0,1,1,1,7.3,65.49,57.67,0.5,0,60.49
95.7,2,0,1,7.4,60.49,56.28,0.3,0,62.03
100,1,0,0,7.2,62.03,58.24,0.0,1,63.66
90.0,0,1,1,7.3,63.66,59.82,0.7,0,60.25
90.0,0,0,2,7.3,60.25,58.29,0.4,0,60.13
100,0,0,0,7.6,60.13,57.51,0.9,0,69.3
85.0,1,0,3,7.3,69.3,58.28,0.9,1,59.02
91.3,0,1,1,7.5,59.02,55.82,0.9,1,56.14
95.0,1,0,1,7.2,56.14,57.91,0.5,1,61.13
100,0,0,0,7.5,61.13,59.46,0.4,0,65.04
95.7,0,0,1,7.4,65.04,59.39,0.0,0,66.43
90.0,0,0,2,7.6,66.43,59.12,0.5,0,62.43
95.5,0,0,1,7.4,62.43,54.09,0.7,0,63.9
95.7,0,0,1,7.5,67.65,59.78,0.8,0,66.43
100,0,0,0,7.4,66.43,59.03,0.5,0,69.6
100,0,0,0,7.2,69.6,58.98,0.7,1,69.07
100,4,0,0,7.6,69.07,57.84,0.4,0,63.25
95.5,1,0,1,7.5,63.25,57.48,0.9,0,65.55
100,2,0,0,7.4,65.55,57.74,0.4,0,61.48
95.5,1,0,1,7.5,61.48,57.75,0.6,0,61.38
100,0,0,0,7.4,61.38,54.86,0.3,0,68.23
90.0,1,0,2,7.2,68.23,54.79,0.2,0,60.11
100,1,0,0,7.5,60.11,56.21,0.6,0,66.53
90.5,0,0,2,7.4,66.53,56.52,0.4,0,60.55
95.0,1,0,1,7.4,60.55,57.67,0.0,0,60.04
100,0,0,0,7.3,60.04,56.28,0.3,0,64.1
100,0,0,0,7.5,64.1,58.24,0.3,0,65.46
100,0,0,0,7.7,65.46,59.82,1.0,0,68.23
95.0,1,0,1,7.7,68.23,58.29,0.8,0,67.77
90.5,1,0,2,7.4,67.77,57.51,0.3,0,62.0
100,0,0,0,7.3,62.0,58.28,0.3,0,64.91
95.7,0,0,1,7.5,64.91,55.82,0.6,0,65.36
100,1,0,0,7.4,65.36,57.91,0.2,0,63.39
95.2,0,1,0,7.3,63.39,59.46,1.0,1,62.96
100,1,0,0,7.2,62.96,59.39,0.3,1,63.8
100,0,0,0,7.4,63.8,59.12,0.3,0,69.37
95.5,2,0,1,7.7,69.37,54.09,0.9,0,65.13
100,0,0,0,7.2,69.97,59.78,0.3,2,63.3
90.0,1,0,2,7.0,63.3,59.03,0.5,2,57.69
100,0,0,0,7.2,57.69,58.98,0.5,1,63.47
89.5,0,0,2,7.4,63.47,57.84,0.6,1,62.11
86.4,0,1,2,7.5,62.11,57.48,0.3,0,61.19
88.9,0,0,2,7.2,61.19,57.74,0.5,1,58.7
90.9,1,0,2,7.3,58.7,57.75,0.7,1,58.7
90.5,7,1,1,7.2,58.7,54.86,0.3,1,45.78
95.0,2,0,1,7.4,45.78,54.79,0.0,0,54.01
100,1,0,0,7.5,54.01,56.21,0.6,0,63.01
95.2,0,0,1,7.2,63.01,56.52,0.1,0,63.91
95.0,0,0,1,7.4,63.91,57.67,0.4,0,62.1
91.3,1,1,1,7.5,62.1,56.28,0.7,0,59.85
94.7,4,1,0,7.6,59.85,58.24,0.5,0,53.45
100,0,0,0,7.3,53.45,59.82,0.4,1,62.27
100,3,0,0,7.5,62.27,58.29,0.4,0,63.36
90.5,0,0,2,7.1,63.36,57.51,0.4,1,59.77
100,2,0,0,7.5,59.77,58.28,0.2,0,64.85
82.6,2,3,1,7.2,64.85,55.82,0.0,1,47.24
85.0,1,1,2,7.1,47.24,57.91,0.5,2,51.58
90.5,0,2,0,7.4,51.58,59.46,0.2,0,57.74
95.7,3,1,0,7.3,57.74,59.39,0.5,1,57.84
95.0,2,0,1,7.3,57.84,59.12,0.1,0,56.73
95.5,1,0,1,7.3,56.73,54.09,0.6,0,58.37
82.6,2,1,3,7.3,61.81,59.78,0.4,0,53.15
95.0,1,1,0,7.5,53.15,59.03,0.2,0,59.8
90.5,0,0,2,7.4,59.8,58.98,0.7,1,59.04
94.7,1,1,0,7.5,59.04,57.84,0.0,0,58.21
90.9,0,2,0,7.6,58.21,57.48,0.6,0,56.42
100,1,0,0,7.5,56.42,57.74,0.5,0,61.21
95.5,2,0,1,7.4,61.21,57.75,0.6,0,62.39
85.7,0,2,1,7.1,62.39,54.86,0.2,2,51.9
90.0,1,0,2,7.2,51.9,54.79,0.2,1,57.22
100,2,0,0,7.3,57.22,56.21,0.4,1,58.16
100,3,0,0,7.5,58.16,56.52,0.7,0,58.26
95.0,1,0,1,7.4,58.26,57.67,0.4,0,64.26
87.0,2,2,1,7.2,64.26,56.28,0.3,1,52.23
89.5,1,0,2,7.4,52.23,58.24,0.4,0,56.22
95.0,1,1,0,7.4,56.22,59.82,0.2,0,58.39
80.0,2,3,1,7.3,58.39,58.29,0.2,0,45.29
95.2,1,1,0,7.5,45.29,57.51,0.8,0,59.92
95.0,2,0,1,7.3,59.92,58.28,0.6,0,61.02
95.7,0,0,1,7.2,61.02,55.82,0.5,1,60.13
100,0,0,0,7.2,60.13,57.91,0.7,2,63.13
90.5,1,0,2,7.3,63.13,59.46,0.3,0,61.28
95.7,2,0,1,7.6,61.28,59.39,1.6,0,63.91
100,4,0,0,7.3,63.91,59.12,0.7,1,56.53
77.3,0,1,4,7.0,56.53,54.09,0.0,1,49.03
91.3,2,1,1,7.6,61.22,59.78,0.5,0,55.29
100,0,0,0,7.2,55.29,59.03,0.0,1,64.41
90.5,3,0,2,7.4,64.41,58.98,0.1,0,56.51
100,0,0,0,7.2,56.51,57.84,0.6,1,62.8
95.5,2,1,0,7.6,62.8,57.48,0.8,0,59.84
94.4,0,0,1,7.2,59.84,57.74,0.1,1,62.83
90.9,2,0,2,7.2,62.83,57.75,0.5,2,56.5
81.0,3,2,2,7.4,56.5,54.86,0.2,0,50.98
95.0,2,1,0,7.3,50.98,54.79,0.3,0,54.47
87.0,1,3,0,6.7,54.47,56.21,0.3,4,43.32
85.7,2,2,1,7.1,43.32,56.52,0.4,1,43.64
95.0,1,1,0,7.2,43.64,57.67,0.0,1,56.38
82.6,0,3,1,7.0,56.38,56.28,0.3,1,49.59
94.7,2,0,1,7.2,49.59,58.24,0.6,1,53.39
85.0,0,2,1,7.4,53.39,59.82,0.4,0,55.56
100,1,0,0,7.4,55.56,58.29,0.4,0,63.74
95.2,2,1,0,7.4,63.74,57.51,0.4,0,56.99
90.0,0,1,1,7.5,56.99,58.28,0.6,0,60.47
87.0,2,0,3,7.1,60.47,55.82,0.3,2,53.55
85.0,1,1,2,7.2,53.55,57.91,0.2,1,54.02
95.2,2,0,1,7.3,54.02,59.46,0.9,1,58.38
100,3,0,0,7.3,58.38,59.39,0.4,0,59.98
90.0,3,2,0,7.3,59.98,59.12,0.6,0,54.84
86.4,0,1,2,7.2,54.84,54.09,0.7,2,54.31
82.6,1,2,2,7.2,72.17,59.78,0.0,1,56.2
85.0,0,2,1,7.6,56.2,59.03,0.5,0,53.7
85.7,0,1,2,7.7,53.7,58.98,1.0,0,55.96
89.5,3,0,2,7.5,55.96,57.84,0.4,0,57.09
90.9,1,1,1,7.5,57.09,57.48,1.0,1,57.86
88.9,2,1,1,7.3,57.86,57.74,0.3,0,53.1
90.9,2,1,1,7.3,53.1,57.75,0.8,1,52.58
90.5,1,1,1,7.3,52.58,54.86,1.0,1,54.25
95.0,1,0,1,7.7,54.25,54.79,1.0,0,61.75
91.3,4,2,0,7.3,61.75,56.21,0.7,1,50.02
95.2,1,1,0,7.4,50.02,56.52,0.5,0,58.15
95.0,0,0,1,7.4,58.15,57.67,0.0,0,60.79
95.7,1,1,0,7.3,60.79,56.28,0.3,1,59.08
100,4,0,0,7.4,59.08,58.24,0.5,0,62.32
95.0,1,1,0,7.2,62.32,59.82,0.1,1,61.85
100,1,0,0,7.3,61.85,58.29,0.3,0,62.25
81.0,1,3,1,7.2,62.25,57.51,0.4,1,52.14
90.0,2,2,0,7.2,52.14,58.28,0.4,2,49.41
82.6,0,1,3,7.4,49.41,55.82,0.6,1,48.9
90.0,2,1,1,7.3,48.9,57.91,0.2,0,54.05
90.5,2,1,1,7.4,54.05,59.46,0.3,0,57.63
95.7,3,1,0,7.6,57.63,59.39,0.3,0,56.9
85.0,0,1,2,7.5,56.9,59.12,0.2,0,59.01
90.9,0,0,2,7.5,59.01,54.09,0.3,0,59.39
82.6,1,2,2,7.1,82.87,59.78,0.3,1,54.67
85.0,0,1,2,7.3,54.67,59.03,0.6,1,57.07
90.5,2,2,0,7.1,57.07,58.98,0.4,1,51.81
94.7,1,0,1,7.5,51.81,57.84,0.6,1,56.78
90.9,0,0,2,7.2,56.78,57.48,0.4,1,56.44
94.4,2,0,1,7.4,56.44,57.74,0.3,0,62.17
86.4,1,2,1,7.5,62.17,57.75,0.7,0,55.63
100,3,0,0,7.2,55.63,54.86,0.4,1,56.83
90.0,2,2,0,7.6,56.83,54.79,1.0,0,55.61
91.3,2,0,2,7.2,55.61,56.21,0.4,2,55.44
85.7,3,1,2,6.9,55.44,56.52,0.1,2,45.01
95.0,0,0,1,6.8,45.01,57.67,0.3,4,51.6
87.0,0,2,1,7.3,51.6,56.28,0.6,0,54.98
94.7,0,0,1,7.4,54.98,58.24,0.2,0,62.43
95.0,2,0,1,7.8,62.43,59.82,0.9,0,62.81
90.0,0,1,1,7.6,62.81,58.29,0.4,0,61.8
90.5,1,1,1,7.3,61.8,57.51,0.6,1,55.14
100,1,0,0,7.0,55.14,58.28,0.1,2,56.86
95.7,1,0,1,7.4,56.86,55.82,0.7,0,59.84
100,2,0,0,7.4,59.84,57.91,0.5,0,63.28
100,0,0,0,7.4,63.28,59.46,0.8,0,64.79
100,2,0,0,7.5,64.79,59.39,0.8,0,64.03
95.0,1,0,1,7.0,64.03,59.12,0.0,1,58.08
90.9,5,2,0,7.3,58.08,54.09,0.2,0,49.32
100,1,0,0,7.5,70.55,59.78,0.9,0,69.6
90.0,2,1,1,7.2,69.6,59.03,0.3,1,56.13
90.5,1,0,2,7.6,56.13,58.98,0.3,0,58.84
100,1,0,0,7.5,58.84,57.84,0.4,0,65.81
90.9,2,1,1,7.4,65.81,57.48,0.2,0,55.79
77.8,0,1,3,6.9,55.79,57.74,0.5,2,49.98
81.8,0,1,3,7.1,49.98,57.75,0.4,2,50.66
100,2,0,0,7.3,50.66,54.86,0.0,1,60.05
85.0,0,2,1,7.4,60.05,54.79,0.4,1,55.55
100,1,0,0,7.2,55.55,56.21,0.0,1,60.86
95.2,1,0,1,7.4,60.86,56.52,0.0,0,59.34
100,0,0,0,7.4,59.34,57.67,0.1,0,64.4
87.0,2,1,2,6.8,64.4,56.28,0.0,3,50.93
84.2,1,0,3,7.3,50.93,58.24,0.1,0,56.3
95.0,2,0,1,6.9,56.3,59.82,0.2,3,51.14
95.0,3,0,1,7.6,51.14,58.29,1.1,0,56.16
90.5,1,0,2,7.5,56.16,57.51,0.8,1,54.95
90.0,2,1,1,7.1,54.95,58.28,0.2,1,51.74
87.0,0,0,3,7.0,51.74,55.82,0.5,2,56.06
90.0,0,0,2,7.2,56.06,57.91,0.4,1,55.94
90.5,1,2,0,7.3,55.94,59.46,0.2,0,55.13
95.7,2,0,1,7.4,55.13,59.39,0.3,0,59.19
90.0,2,1,1,7.4,59.19,59.12,0.2,0,56.55
95.5,0,1,0,7.4,56.55,54.09,0.7,1,57.16
